# Starting new year: 2010
1 1 0 0 6 0.0 0.0
2 2 0 0 6 0.0 0.0
3 3 0 0 6 0.0 0.0
4 4 0 0 6 0.0 0.0
5 5 0 0 6 0.0 0.0
6 6 0 0 6 0.0 0.0
7 7 0 0 6 0.0 0.0
8 8 0 0 6 0.0 0.0
9 9 0 0 6 0.0 0.0
10 10 0 0 6 0.0 0.0
11 11 0 0 6 0.0 0.0
12 12 0 0 6 0.0 0.0
13 13 0 0 6 0.0 0.0
14 14 0 0 6 0.0 0.0
15 15 0 0 6 0.0 0.0
16 16 0 0 6 0.0 0.0
17 17 0 0 6 0.0 0.0
18 18 0 0 6 0.0 0.0
19 19 0 0 6 0.0 0.0
20 20 0 0 6 0.0 0.0
21 21 0 0 6 0.0 0.0
22 22 0 0 6 0.0 0.0
23 23 0 0 6 0.0 0.0
24 24 0 0 6 0.0 0.0
25 25 0 0 6 0.0 0.0
26 26 0 0 6 0.0 0.0
27 27 0 0 6 0.0 0.0
28 28 0 0 6 0.0 0.0
29 29 0 0 6 0.0 0.0
30 30 0 0 6 0.0 0.0
31 31 0 0 6 0.0 0.0
32 32 0 0 6 0.0 0.0
33 33 0 0 6 0.0 0.0
34 34 0 0 6 0.0 0.0
35 35 0 0 6 0.0 0.0
36 36 0 0 6 0.0 0.0
37 37 0 0 6 0.0 0.0
38 38 0 0 6 0.0 0.0
39 39 0 0 6 0.0 0.0
40 40 0 0 6 0.0 0.0
41 41 0 0 6 0.0 0.0
42 42 0 0 6 0.0 0.0
43 43 0 0 6 0.0 0.0
44 44 0 0 6 0.0 0.0
45 45 0 0 6 0.0 0.0
46 46 0 0 6 0.0 0.0
47 47 0 0 6 0.0 0.0
48 48 0 0 6 0.0 0.0
49 49 0 0 6 0.0 0.0
50 50 0 0 6 0.0 0.0
51 51 0 0 6 0.0 0.0
52 52 0 0 6 0.0 0.0
53 53 0 0 6 0.0 0.0
54 54 0 0 6 0.0 0.0
55 55 0 0 6 0.0 0.0
56 56 0 0 6 0.0 0.0
57 57 0 0 6 0.0 0.0
58 58 0 0 6 0.0 0.0
59 59 0 0 6 0.0 0.0
60 60 0 0 6 0.0 0.0
61 61 0 0 6 0.0 0.0
62 62 0 0 6 0.0 0.0
63 63 0 0 6 0.0 0.0
64 64 0 0 6 0.0 0.0
65 65 0 0 6 0.0 0.0
66 66 0 0 6 0.0 0.0
67 67 0 0 6 0.0 0.0
68 68 0 0 6 0.0 0.0
69 69 0 0 6 0.0 0.0
70 70 0 0 6 0.0 0.0
71 71 0 0 6 0.0 0.0
72 72 0 0 6 0.0 0.0
73 73 0 0 6 0.0 0.0
74 74 0 0 6 0.0 0.0
75 75 0 0 6 0.0 0.0
76 76 0 0 6 0.0 0.0
77 77 0 0 6 0.0 0.0
78 78 0 0 6 0.0 0.0
79 79 0 0 6 0.0 0.0
80 80 0 0 6 0.0 0.0
81 81 0 0 6 0.0 0.0
82 82 0 0 6 0.0 0.0
83 83 0 0 6 0.0 0.0
84 84 0 0 6 0.0 0.0
85 85 0 0 6 0.0 0.0
86 86 0 0 6 0.0 0.0
87 87 0 0 6 0.0 0.0
88 88 0 0 6 0.0 0.0
89 89 0 0 6 0.0 0.0
90 90 0 0 6 0.0 0.0
91 91 7 0.000187755 4 0.0 0.0
92 92 7 0.000187755 4 0.0 0.0
93 93 7 0.000187755 4 0.0 0.0
94 94 7 0.000187755 4 0.0 0.0
95 95 7 0.000187755 4 0.0 0.0
96 96 7 0.000187755 4 0.0 0.0
97 97 7 0.000187755 4 0.0 0.0
98 98 7 0.000187755 4 0.0 0.0
99 99 7 0.000187755 4 0.0 0.0
100 100 7 0.000187755 4 0.0 0.0
101 101 7 0.000187755 4 0.0 0.0
102 102 7 0.000187755 4 0.0 0.0
103 103 7 0.000187755 4 0.0 0.0
104 104 7 0.000187755 4 0.0 0.0
105 105 7 0.000187755 4 0.0 0.0
106 106 7 0.000187755 4 0.0 0.0
107 107 7 0.000187755 4 0.0 0.0
108 108 7 0.000187755 4 0.0 0.0
109 109 7 0.000187755 4 0.0 0.0
110 110 7 0.000187755 4 0.0 0.0
111 111 7 0.000187755 4 0.0 0.0
112 112 7 0.000187755 4 0.0 0.0
113 113 7 0.000187755 4 0.0 0.0
114 114 7 0.000187755 4 0.0 0.0
115 115 7 0.000187755 4 0.0 0.0
116 116 7 0.000187755 4 0.0 0.0
117 117 7 0.000187755 4 0.0 0.0
118 118 7 0.000187755 4 0.0 0.0
119 119 7 0.000187755 4 0.0 0.0
120 120 7 0.000187755 4 0.0 0.0
121 121 7 0.000187755 4 0.0 0.0
122 122 7 0.000187755 4 0.0 0.0
123 123 7 0.000187755 4 0.0 0.0
124 124 7 0.000187755 4 0.0 0.0
125 125 7 0.000187755 4 0.0 0.0
126 126 7 0.000187755 4 0.0 0.0
127 127 7 0.000187755 4 0.0 0.0
128 128 7 0.000187755 4 0.0 0.0
129 129 7 0.000187755 4 0.0 0.0
130 130 7 0.000187755 4 0.0 0.0
131 131 7 0.000187755 4 0.0 0.0
132 132 7 0.000187755 4 0.0 0.0
133 133 7 0.000187755 4 0.0 0.0
134 134 7 0.000187755 4 0.0 0.0
135 135 7 0.000187755 4 0.0 0.0
136 136 7 0.000187755 4 0.0 0.0
137 137 7 0.000187755 4 0.0 0.0
138 138 7 0.000187755 4 0.0 0.0
139 139 7 0.000187755 4 0.0 0.0
140 140 7 0.000187755 4 0.0 0.0
141 141 7 0.000187755 4 0.0 0.0
142 142 7 0.000187755 4 0.0 0.0
143 143 7 0.000187755 4 0.0 0.0
144 144 7 0.000187755 4 0.0 0.0
145 145 7 0.000187755 4 0.0 0.0
146 146 7 0.000187755 4 0.0 0.0
147 147 7 0.000187755 4 0.0 0.0
148 148 7 0.000187755 4 0.0 0.0
149 149 7 0.000187755 4 0.0 0.0
150 150 7 0.000187755 4 0.0 0.0
151 151 7 0.000187755 4 0.0 0.0
152 152 7 0.000187755 4 0.0 0.0
153 153 7 0.000187755 4 0.0 0.0
154 154 7 0.000187755 4 0.0 0.0
155 155 7 0.000187755 4 0.0 0.0
156 156 7 0.000187755 4 0.0 0.0
157 157 7 0.000187755 4 0.0 0.0
158 158 7 0.000187755 4 0.0 0.0
159 159 7 0.000187755 4 0.0 0.0
160 160 7 0.000187755 4 0.0 0.0
161 161 7 0.000187755 4 0.0 0.0
162 162 7 0.000187755 4 0.0 0.0
163 163 7 0.000187755 4 0.0 0.0
164 164 7 0.000187755 4 0.0 0.0
165 165 7 0.000187755 4 0.0 0.0
166 166 7 0.000187755 4 0.0 0.0
167 167 7 0.000187755 4 0.0 0.0
168 168 7 0.000187755 4 0.0 0.0
169 169 7 0.000187755 4 0.0 0.0
170 170 7 0.000187755 4 0.0 0.0
171 171 7 0.000187755 4 0.0 0.0
172 172 7 0.000187755 4 0.0 0.0
173 173 7 0.000187755 4 0.0 0.0
174 174 7 0.000187755 4 0.0 0.0
175 175 7 0.000187755 4 0.0 0.0
176 176 7 0.000187755 4 0.0 0.0
177 177 7 0.000187755 4 0.0 0.0
178 178 7 0.000187755 4 0.0 0.0
179 179 7 0.000187755 4 0.0 0.0
180 180 7 0.000187755 4 0.0 0.0
181 181 7 0.000187755 4 0.0 0.0
182 182 7 0.000187755 4 0.0 0.0
183 183 7 0.000187755 4 0.0 0.0
184 184 7 0.000187755 4 0.0 0.0
185 185 7 0.000187755 4 0.0 0.0
186 186 7 0.000187755 4 0.0 0.0
187 187 7 0.000187755 4 0.0 0.0
188 188 7 0.000187755 4 0.0 0.0
189 189 7 0.000187755 4 0.0 0.0
190 190 7 0.000187755 4 0.0 0.0
191 191 7 0.000187755 4 0.0 0.0
192 192 7 0.000187755 4 0.0 0.0
193 193 7 0.000187755 4 0.0 0.0
194 194 7 0.000187755 4 0.0 0.0
195 195 7 0.000187755 4 0.0 0.0
196 196 7 0.000187755 4 0.0 0.0
197 197 7 0.000187755 4 0.0 0.0
198 198 7 0.000187755 4 0.0 0.0
199 199 7 0.000187755 4 0.0 0.0
200 200 7 0.000187755 4 0.0 0.0
201 201 7 0.000187755 4 0.0 0.0
202 202 7 0.000187755 4 0.0 0.0
203 203 7 0.000187755 4 0.0 0.0
204 204 7 0.000187755 4 0.0 0.0
205 205 7 0.000187755 4 0.0 0.0
206 206 7 0.000187755 4 0.0 0.0
207 207 7 0.000187755 4 0.0 0.0
208 208 7 0.000187755 4 0.0 0.0
209 209 7 0.000187755 4 0.0 0.0
210 210 7 0.000187755 4 0.0 0.0
211 211 7 0.000187755 4 0.0 0.0
212 212 7 0.000187755 4 0.0 0.0
213 213 7 0.000187755 4 0.0 0.0
214 214 7 0.000187755 4 0.0 0.0
215 215 7 0.000187755 4 0.0 0.0
216 216 7 0.000187755 4 0.0 0.0
217 217 7 0.000187755 4 0.0 0.0
218 218 7 0.000187755 4 0.0 0.0
219 219 7 0.000187755 4 0.0 0.0
220 220 7 0.000187755 4 0.0 0.0
221 221 7 0.000187755 4 0.0 0.0
222 222 7 0.000187755 4 0.0 0.0
223 223 7 0.000187755 4 0.0 0.0
224 224 7 0.000187755 4 0.0 0.0
225 225 7 0.000187755 4 0.0 0.0
226 226 7 0.000187755 4 0.0 0.0
227 227 7 0.000187755 4 0.0 0.0
228 228 7 0.000187755 4 0.0 0.0
229 229 7 0.000187755 4 0.0 0.0
230 230 7 0.000187755 4 0.0 0.0
231 231 7 0.000187755 4 0.0 0.0
232 232 7 0.000187755 4 0.0 0.0
233 233 7 0.000187755 4 0.0 0.0
234 234 7 0.000187755 4 0.0 0.0
235 235 7 0.000187755 4 0.0 0.0
236 236 7 0.000187755 4 0.0 0.0
237 237 7 0.000187755 4 0.0 0.0
238 238 7 0.000187755 4 0.0 0.0
239 239 7 0.000187755 4 0.0 0.0
240 240 7 0.000187755 4 0.0 0.0
241 241 7 0.000187755 4 0.0 0.0
242 242 7 0.000187755 4 0.0 0.0
243 243 7 0.000187755 4 0.0 0.0
244 244 7 0.000187755 4 0.0 0.0
245 245 7 0.000187755 4 0.0 0.0
246 246 7 0.000187755 4 0.0 0.0
247 247 7 0.000187755 4 0.0 0.0
248 248 7 0.000187755 4 0.0 0.0
249 249 7 0.000187755 4 0.0 0.0
250 250 7 0.000187755 4 0.0 0.0
251 251 7 0.000187755 4 0.0 0.0
252 252 7 0.000187755 4 0.0 0.0
253 253 7 0.000187755 4 0.0 0.0
254 254 7 0.000187755 4 0.0 0.0
255 255 7 0.000187755 4 0.0 0.0
256 256 7 0.000187755 4 0.0 0.0
257 257 7 0.000187755 4 0.0 0.0
258 258 7 0.000187755 4 0.0 0.0
259 259 7 0.000187755 4 0.0 0.0
260 260 7 0.000187755 4 0.0 0.0
261 261 7 0.000187755 4 0.0 0.0
262 262 7 0.000187755 4 0.0 0.0
263 263 7 0.000187755 4 0.0 0.0
264 264 7 0.000187755 4 0.0 0.0
265 265 7 0.000187755 4 0.0 0.0
266 266 7 0.000187755 4 0.0 0.0
267 267 7 0.000187755 4 0.0 0.0
268 268 7 0.000187755 4 0.0 0.0
269 269 7 0.000187755 4 0.0 0.0
270 270 7 0.000187755 4 0.0 0.0
271 271 7 0.000187755 4 0.0 0.0
272 272 7 0.000187755 4 0.0 0.0
273 273 7 0.000187755 4 0.0 0.0
274 274 7 0.000187755 4 0.0 0.0
275 275 7 0.000187755 4 0.0 0.0
276 276 7 0.000187755 4 0.0 0.0
277 277 7 0.000187755 4 0.0 0.0
278 278 7 0.000187755 4 0.0 0.0
279 279 7 0.000187755 4 0.0 0.0
280 280 7 0.000187755 4 0.0 0.0
281 281 7 0.000187755 4 0.0 0.0
282 282 7 0.000187755 4 0.0 0.0
283 283 7 0.000187755 4 0.0 0.0
284 284 7 0.000187755 4 0.0 0.0
285 285 7 0.000187755 4 0.0 0.0
286 286 7 0.000187755 4 0.0 0.0
287 287 7 0.000187755 4 0.0 0.0
288 288 7 0.000187755 4 0.0 0.0
289 289 7 0.000187755 4 0.0 0.0
290 290 7 0.000187755 4 0.0 0.0
291 291 7 0.000187755 4 0.0 0.0
292 292 7 0.000187755 4 0.0 0.0
293 293 7 0.000187755 4 0.0 0.0
294 294 7 0.000187755 4 0.0 0.0
295 295 7 0.000187755 4 0.0 0.0
296 296 7 0.000187755 4 0.0 0.0
297 297 7 0.000187755 4 0.0 0.0
298 298 7 0.000187755 4 0.0 0.0
299 299 7 0.000187755 4 0.0 0.0
300 300 7 0.000187755 4 0.0 0.0
301 301 7 0.000187755 4 0.0 0.0
302 302 7 0.000187755 4 0.0 0.0
303 303 7 0.000187755 4 0.0 0.0
304 304 7 0.000187755 4 0.0 0.0
305 305 7 0.000187755 4 0.0 0.0
306 306 7 0.000187755 4 0.0 0.0
307 307 7 0.000187755 4 0.0 0.0
308 308 7 0.000187755 4 0.0 0.0
309 309 7 0.000187755 4 0.0 0.0
310 310 7 0.000187755 4 0.0 0.0
311 311 7 0.000187755 4 0.0 0.0
312 312 7 0.000187755 4 0.0 0.0
313 313 7 0.000187755 4 0.0 0.0
314 314 7 0.000187755 4 0.0 0.0
315 315 7 0.000187755 4 0.0 0.0
316 316 7 0.000187755 4 0.0 0.0
317 317 7 0.000187755 4 0.0 0.0
318 318 7 0.000187755 4 0.0 0.0
319 319 7 0.000187755 4 0.0 0.0
320 320 7 0.000187755 4 0.0 0.0
321 321 7 0.000187755 4 0.0 0.0
322 322 7 0.000187755 4 0.0 0.0
323 323 7 0.000187755 4 0.0 0.0
324 324 7 0.000187755 4 0.0 0.0
325 325 7 0.000187755 4 0.0 0.0
326 326 7 0.000187755 4 0.0 0.0
327 327 7 0.000187755 4 0.0 0.0
328 328 7 0.000187755 4 0.0 0.0
329 329 7 0.000187755 4 0.0 0.0
330 330 7 0.000187755 4 0.0 0.0
331 331 7 0.000187755 4 0.0 0.0
332 332 7 0.000187755 4 0.0 0.0
333 333 7 0.000187755 4 0.0 0.0
334 334 7 0.000187755 4 0.0 0.0
335 335 7 0.000187755 4 0.0 0.0
336 336 0 0 6 0.0 0.0
337 337 0 0 6 0.0 0.0
338 338 0 0 6 0.0 0.0
339 339 0 0 6 0.0 0.0
340 340 0 0 6 0.0 0.0
341 341 0 0 6 0.0 0.0
342 342 0 0 6 0.0 0.0
343 343 0 0 6 0.0 0.0
344 344 0 0 6 0.0 0.0
345 345 0 0 6 0.0 0.0
346 346 0 0 6 0.0 0.0
347 347 0 0 6 0.0 0.0
348 348 0 0 6 0.0 0.0
349 349 0 0 6 0.0 0.0
350 350 0 0 6 0.0 0.0
351 351 0 0 6 0.0 0.0
352 352 0 0 6 0.0 0.0
353 353 0 0 6 0.0 0.0
354 354 0 0 6 0.0 0.0
355 355 0 0 6 0.0 0.0
356 356 0 0 6 0.0 0.0
357 357 0 0 6 0.0 0.0
358 358 0 0 6 0.0 0.0
359 359 0 0 6 0.0 0.0
360 360 0 0 6 0.0 0.0
361 361 0 0 6 0.0 0.0
362 362 0 0 6 0.0 0.0
363 363 0 0 6 0.0 0.0
364 364 0 0 6 0.0 0.0
365 365 0 0 6 0.0 0.0
Starting new year: 2011
366 1 0 0 6 0.0 0.0
367 2 0 0 6 0.0 0.0
368 3 0 0 6 0.0 0.0
369 4 0 0 6 0.0 0.0
370 5 0 0 6 0.0 0.0
371 6 0 0 6 0.0 0.0
372 7 0 0 6 0.0 0.0
373 8 0 0 6 0.0 0.0
374 9 0 0 6 0.0 0.0
375 10 0 0 6 0.0 0.0
376 11 0 0 6 0.0 0.0
377 12 0 0 6 0.0 0.0
378 13 0 0 6 0.0 0.0
379 14 0 0 6 0.0 0.0
380 15 0 0 6 0.0 0.0
381 16 0 0 6 0.0 0.0
382 17 0 0 6 0.0 0.0
383 18 0 0 6 0.0 0.0
384 19 0 0 6 0.0 0.0
385 20 0 0 6 0.0 0.0
386 21 0 0 6 0.0 0.0
387 22 0 0 6 0.0 0.0
388 23 0 0 6 0.0 0.0
389 24 0 0 6 0.0 0.0
390 25 0 0 6 0.0 0.0
391 26 0 0 6 0.0 0.0
392 27 0 0 6 0.0 0.0
393 28 0 0 6 0.0 0.0
394 29 0 0 6 0.0 0.0
395 30 0 0 6 0.0 0.0
396 31 0 0 6 0.0 0.0
397 32 0 0 6 0.0 0.0
398 33 0 0 6 0.0 0.0
399 34 0 0 6 0.0 0.0
400 35 0 0 6 0.0 0.0
401 36 0 0 6 0.0 0.0
402 37 0 0 6 0.0 0.0
403 38 0 0 6 0.0 0.0
404 39 0 0 6 0.0 0.0
405 40 0 0 6 0.0 0.0
406 41 0 0 6 0.0 0.0
407 42 0 0 6 0.0 0.0
408 43 0 0 6 0.0 0.0
409 44 0 0 6 0.0 0.0
410 45 0 0 6 0.0 0.0
411 46 0 0 6 0.0 0.0
412 47 0 0 6 0.0 0.0
413 48 0 0 6 0.0 0.0
414 49 0 0 6 0.0 0.0
415 50 0 0 6 0.0 0.0
416 51 0 0 6 0.0 0.0
417 52 0 0 6 0.0 0.0
418 53 0 0 6 0.0 0.0
419 54 0 0 6 0.0 0.0
420 55 0 0 6 0.0 0.0
421 56 0 0 6 0.0 0.0
422 57 0 0 6 0.0 0.0
423 58 0 0 6 0.0 0.0
424 59 0 0 6 0.0 0.0
425 60 0 0 6 0.0 0.0
426 61 0 0 6 0.0 0.0
427 62 0 0 6 0.0 0.0
428 63 0 0 6 0.0 0.0
429 64 0 0 6 0.0 0.0
430 65 0 0 6 0.0 0.0
431 66 0 0 6 0.0 0.0
432 67 0 0 6 0.0 0.0
433 68 0 0 6 0.0 0.0
434 69 0 0 6 0.0 0.0
435 70 0 0 6 0.0 0.0
436 71 0 0 6 0.0 0.0
437 72 0 0 6 0.0 0.0
438 73 0 0 6 0.0 0.0
439 74 0 0 6 0.0 0.0
440 75 0 0 6 0.0 0.0
441 76 0 0 6 0.0 0.0
442 77 0 0 6 0.0 0.0
443 78 0 0 6 0.0 0.0
444 79 0 0 6 0.0 0.0
445 80 0 0 6 0.0 0.0
446 81 0 0 6 0.0 0.0
447 82 0 0 6 0.0 0.0
448 83 0 0 6 0.0 0.0
449 84 0 0 6 0.0 0.0
450 85 0 0 6 0.0 0.0
451 86 0 0 6 0.0 0.0
452 87 0 0 6 0.0 0.0
453 88 0 0 6 0.0 0.0
454 89 0 0 6 0.0 0.0
455 90 0 0 6 0.0 0.0
456 91 7 0.0253061 4 0.0 0.0
457 92 7 0.0253061 4 0.0 0.0
458 93 7 0.0253061 4 0.0 0.0
459 94 7 0.0253061 4 0.0 0.0
460 95 7 0.0253061 4 0.0 0.0
461 96 7 0.0253061 4 0.0 0.0
462 97 7 0.0253061 4 0.0 0.0
463 98 7 0.0253061 4 0.0 0.0
464 99 7 0.0253061 4 0.0 0.0
465 100 7 0.0253061 4 0.0 0.0
466 101 7 0.0253061 4 0.0 0.0
467 102 7 0.0253061 4 0.0 0.0
468 103 7 0.0253061 4 0.0 0.0
469 104 7 0.0253061 4 0.0 0.0
470 105 7 0.0253061 4 0.0 0.0
471 106 7 0.0253061 4 0.0 0.0
472 107 7 0.0253061 4 0.0 0.0
473 108 7 0.0253061 4 0.0 0.0
474 109 7 0.0253061 4 0.0 0.0
475 110 7 0.0253061 4 0.0 0.0
476 111 7 0.0253061 4 0.0 0.0
477 112 7 0.0253061 4 0.0 0.0
478 113 7 0.0253061 4 0.0 0.0
479 114 7 0.0253061 4 0.0 0.0
480 115 7 0.0253061 4 0.0 0.0
481 116 7 0.0253061 4 0.0 0.0
482 117 7 0.0253061 4 0.0 0.0
483 118 7 0.0253061 4 0.0 0.0
484 119 7 0.0253061 4 0.0 0.0
485 120 7 0.0253061 4 0.0 0.0
486 121 7 0.0253061 4 0.0 0.0
487 122 7 0.0253061 4 0.0 0.0
488 123 7 0.0253061 4 0.0 0.0
489 124 7 0.0253061 4 0.0 0.0
490 125 7 0.0253061 4 0.0 0.0
491 126 7 0.0253061 4 0.0 0.0
492 127 7 0.0253061 4 0.0 0.0
493 128 7 0.0253061 4 0.0 0.0
494 129 7 0.0253061 4 0.0 0.0
495 130 7 0.0253061 4 0.0 0.0
496 131 7 0.0253061 4 0.0 0.0
497 132 7 0.0253061 4 0.0 0.0
498 133 7 0.0253061 4 0.0 0.0
499 134 7 0.0253061 4 0.0 0.0
500 135 7 0.0253061 4 0.0 0.0
501 136 7 0.0253061 4 0.0 0.0
502 137 7 0.0253061 4 0.0 0.0
503 138 7 0.0253061 4 0.0 0.0
504 139 7 0.0253061 4 0.0 0.0
505 140 7 0.0253061 4 0.0 0.0
506 141 7 0.0253061 4 0.0 0.0
507 142 7 0.0253061 4 0.0 0.0
508 143 7 0.0253061 4 0.0 0.0
509 144 7 0.0253061 4 0.0 0.0
510 145 7 0.0253061 4 0.0 0.0
511 146 7 0.0253061 4 0.0 0.0
512 147 7 0.0253061 4 0.0 0.0
513 148 7 0.0253061 4 0.0 0.0
514 149 7 0.0253061 4 0.0 0.0
515 150 7 0.0253061 4 0.0 0.0
516 151 7 0.0253061 4 0.0 0.0
517 152 7 0.0253061 4 0.0 0.0
518 153 7 0.0253061 4 0.0 0.0
519 154 7 0.0253061 4 0.0 0.0
520 155 7 0.0253061 4 0.0 0.0
521 156 7 0.0253061 4 0.0 0.0
522 157 7 0.0253061 4 0.0 0.0
523 158 7 0.0253061 4 0.0 0.0
524 159 7 0.0253061 4 0.0 0.0
525 160 7 0.0253061 4 0.0 0.0
526 161 7 0.0253061 4 0.0 0.0
527 162 7 0.0253061 4 0.0 0.0
528 163 7 0.0253061 4 0.0 0.0
529 164 7 0.0253061 4 0.0 0.0
530 165 7 0.0253061 4 0.0 0.0
531 166 7 0.0253061 4 0.0 0.0
532 167 7 0.0253061 4 0.0 0.0
533 168 7 0.0253061 4 0.0 0.0
534 169 7 0.0253061 4 0.0 0.0
535 170 7 0.0253061 4 0.0 0.0
536 171 7 0.0253061 4 0.0 0.0
537 172 7 0.0253061 4 0.0 0.0
538 173 7 0.0253061 4 0.0 0.0
539 174 7 0.0253061 4 0.0 0.0
540 175 7 0.0253061 4 0.0 0.0
541 176 7 0.0253061 4 0.0 0.0
542 177 7 0.0253061 4 0.0 0.0
543 178 7 0.0253061 4 0.0 0.0
544 179 7 0.0253061 4 0.0 0.0
545 180 7 0.0253061 4 0.0 0.0
546 181 7 0.0253061 4 0.0 0.0
547 182 7 0.0253061 4 0.0 0.0
548 183 7 0.0253061 4 0.0 0.0
549 184 7 0.0253061 4 0.0 0.0
550 185 7 0.0253061 4 0.0 0.0
551 186 7 0.0253061 4 0.0 0.0
552 187 7 0.0253061 4 0.0 0.0
553 188 7 0.0253061 4 0.0 0.0
554 189 7 0.0253061 4 0.0 0.0
555 190 7 0.0253061 4 0.0 0.0
556 191 7 0.0253061 4 0.0 0.0
557 192 7 0.0253061 4 0.0 0.0
558 193 7 0.0253061 4 0.0 0.0
559 194 7 0.0253061 4 0.0 0.0
560 195 7 0.0253061 4 0.0 0.0
561 196 7 0.0253061 4 0.0 0.0
562 197 7 0.0253061 4 0.0 0.0
563 198 7 0.0253061 4 0.0 0.0
564 199 7 0.0253061 4 0.0 0.0
565 200 7 0.0253061 4 0.0 0.0
566 201 7 0.0253061 4 0.0 0.0
567 202 7 0.0253061 4 0.0 0.0
568 203 7 0.0253061 4 0.0 0.0
569 204 7 0.0253061 4 0.0 0.0
570 205 7 0.0253061 4 0.0 0.0
571 206 7 0.0253061 4 0.0 0.0
572 207 7 0.0253061 4 0.0 0.0
573 208 7 0.0253061 4 0.0 0.0
574 209 7 0.0253061 4 0.0 0.0
575 210 7 0.0253061 4 0.0 0.0
576 211 7 0.0253061 4 0.0 0.0
577 212 7 0.0253061 4 0.0 0.0
578 213 7 0.0253061 4 0.0 0.0
579 214 7 0.0253061 4 0.0 0.0
580 215 7 0.0253061 4 0.0 0.0
581 216 7 0.0253061 4 0.0 0.0
582 217 7 0.0253061 4 0.0 0.0
583 218 7 0.0253061 4 0.0 0.0
584 219 7 0.0253061 4 0.0 0.0
585 220 7 0.0253061 4 0.0 0.0
586 221 7 0.0253061 4 0.0 0.0
587 222 7 0.0253061 4 0.0 0.0
588 223 7 0.0253061 4 0.0 0.0
589 224 7 0.0253061 4 0.0 0.0
590 225 7 0.0253061 4 0.0 0.0
591 226 7 0.0253061 4 0.0 0.0
592 227 7 0.0253061 4 0.0 0.0
593 228 7 0.0253061 4 0.0 0.0
594 229 7 0.0253061 4 0.0 0.0
595 230 7 0.0253061 4 0.0 0.0
596 231 7 0.0253061 4 0.0 0.0
597 232 7 0.0253061 4 0.0 0.0
598 233 7 0.0253061 4 0.0 0.0
599 234 7 0.0253061 4 0.0 0.0
600 235 7 0.0253061 4 0.0 0.0
601 236 7 0.0253061 4 0.0 0.0
602 237 7 0.0253061 4 0.0 0.0
603 238 7 0.0253061 4 0.0 0.0
604 239 7 0.0253061 4 0.0 0.0
605 240 7 0.0253061 4 0.0 0.0
606 241 7 0.0253061 4 0.0 0.0
607 242 7 0.0253061 4 0.0 0.0
608 243 7 0.0253061 4 0.0 0.0
609 244 7 0.0253061 4 0.0 0.0
610 245 7 0.0253061 4 0.0 0.0
611 246 7 0.0253061 4 0.0 0.0
612 247 7 0.0253061 4 0.0 0.0
613 248 7 0.0253061 4 0.0 0.0
614 249 7 0.0253061 4 0.0 0.0
615 250 7 0.0253061 4 0.0 0.0
616 251 7 0.0253061 4 0.0 0.0
617 252 7 0.0253061 4 0.0 0.0
618 253 7 0.0253061 4 0.0 0.0
619 254 7 0.0253061 4 0.0 0.0
620 255 7 0.0253061 4 0.0 0.0
621 256 7 0.0253061 4 0.0 0.0
622 257 7 0.0253061 4 0.0 0.0
623 258 7 0.0253061 4 0.0 0.0
624 259 7 0.0253061 4 0.0 0.0
625 260 7 0.0253061 4 0.0 0.0
626 261 7 0.0253061 4 0.0 0.0
627 262 7 0.0253061 4 0.0 0.0
628 263 7 0.0253061 4 0.0 0.0
629 264 7 0.0253061 4 0.0 0.0
630 265 7 0.0253061 4 0.0 0.0
631 266 7 0.0253061 4 0.0 0.0
632 267 7 0.0253061 4 0.0 0.0
633 268 7 0.0253061 4 0.0 0.0
634 269 7 0.0253061 4 0.0 0.0
635 270 7 0.0253061 4 0.0 0.0
636 271 7 0.0253061 4 0.0 0.0
637 272 7 0.0253061 4 0.0 0.0
638 273 7 0.0253061 4 0.0 0.0
639 274 7 0.0253061 4 0.0 0.0
640 275 7 0.0253061 4 0.0 0.0
641 276 7 0.0253061 4 0.0 0.0
642 277 7 0.0253061 4 0.0 0.0
643 278 7 0.0253061 4 0.0 0.0
644 279 7 0.0253061 4 0.0 0.0
645 280 7 0.0253061 4 0.0 0.0
646 281 7 0.0253061 4 0.0 0.0
647 282 7 0.0253061 4 0.0 0.0
648 283 7 0.0253061 4 0.0 0.0
649 284 7 0.0253061 4 0.0 0.0
650 285 7 0.0253061 4 0.0 0.0
651 286 7 0.0253061 4 0.0 0.0
652 287 7 0.0253061 4 0.0 0.0
653 288 7 0.0253061 4 0.0 0.0
654 289 7 0.0253061 4 0.0 0.0
655 290 7 0.0253061 4 0.0 0.0
656 291 7 0.0253061 4 0.0 0.0
657 292 7 0.0253061 4 0.0 0.0
658 293 7 0.0253061 4 0.0 0.0
659 294 7 0.0253061 4 0.0 0.0
660 295 7 0.0253061 4 0.0 0.0
661 296 7 0.0253061 4 0.0 0.0
662 297 7 0.0253061 4 0.0 0.0
663 298 7 0.0253061 4 0.0 0.0
664 299 7 0.0253061 4 0.0 0.0
665 300 7 0.0253061 4 0.0 0.0
666 301 7 0.0253061 4 0.0 0.0
667 302 7 0.0253061 4 0.0 0.0
668 303 7 0.0253061 4 0.0 0.0
669 304 7 0.0253061 4 0.0 0.0
670 305 7 0.0253061 4 0.0 0.0
671 306 7 0.0253061 4 0.0 0.0
672 307 7 0.0253061 4 0.0 0.0
673 308 7 0.0253061 4 0.0 0.0
674 309 7 0.0253061 4 0.0 0.0
675 310 7 0.0253061 4 0.0 0.0
676 311 7 0.0253061 4 0.0 0.0
677 312 7 0.0253061 4 0.0 0.0
678 313 7 0.0253061 4 0.0 0.0
679 314 7 0.0253061 4 0.0 0.0
680 315 7 0.0253061 4 0.0 0.0
681 316 7 0.0253061 4 0.0 0.0
682 317 7 0.0253061 4 0.0 0.0
683 318 7 0.0253061 4 0.0 0.0
684 319 7 0.0253061 4 0.0 0.0
685 320 7 0.0253061 4 0.0 0.0
686 321 7 0.0253061 4 0.0 0.0
687 322 7 0.0253061 4 0.0 0.0
688 323 7 0.0253061 4 0.0 0.0
689 324 7 0.0253061 4 0.0 0.0
690 325 7 0.0253061 4 0.0 0.0
691 326 7 0.0253061 4 0.0 0.0
692 327 7 0.0253061 4 0.0 0.0
693 328 7 0.0253061 4 0.0 0.0
694 329 7 0.0253061 4 0.0 0.0
695 330 7 0.0253061 4 0.0 0.0
696 331 7 0.0253061 4 0.0 0.0
697 332 7 0.0253061 4 0.0 0.0
698 333 7 0.0253061 4 0.0 0.0
699 334 7 0.0253061 4 0.0 0.0
700 335 7 0.0253061 4 0.0 0.0
701 336 0 0 6 0.0 0.0
702 337 0 0 6 0.0 0.0
703 338 0 0 6 0.0 0.0
704 339 0 0 6 0.0 0.0
705 340 0 0 6 0.0 0.0
706 341 0 0 6 0.0 0.0
707 342 0 0 6 0.0 0.0
708 343 0 0 6 0.0 0.0
709 344 0 0 6 0.0 0.0
710 345 0 0 6 0.0 0.0
711 346 0 0 6 0.0 0.0
712 347 0 0 6 0.0 0.0
713 348 0 0 6 0.0 0.0
714 349 0 0 6 0.0 0.0
715 350 0 0 6 0.0 0.0
716 351 0 0 6 0.0 0.0
717 352 0 0 6 0.0 0.0
718 353 0 0 6 0.0 0.0
719 354 0 0 6 0.0 0.0
720 355 0 0 6 0.0 0.0
721 356 0 0 6 0.0 0.0
722 357 0 0 6 0.0 0.0
723 358 0 0 6 0.0 0.0
724 359 0 0 6 0.0 0.0
725 360 0 0 6 0.0 0.0
726 361 0 0 6 0.0 0.0
727 362 0 0 6 0.0 0.0
728 363 0 0 6 0.0 0.0
729 364 0 0 6 0.0 0.0
730 365 0 0 6 0.0 0.0
Starting new year: 2012
731 1 0 0 6 0.0 0.0
732 2 0 0 6 0.0 0.0
733 3 0 0 6 0.0 0.0
734 4 0 0 6 0.0 0.0
735 5 0 0 6 0.0 0.0
736 6 0 0 6 0.0 0.0
737 7 0 0 6 0.0 0.0
738 8 0 0 6 0.0 0.0
739 9 0 0 6 0.0 0.0
740 10 0 0 6 0.0 0.0
741 11 0 0 6 0.0 0.0
742 12 0 0 6 0.0 0.0
743 13 0 0 6 0.0 0.0
744 14 0 0 6 0.0 0.0
745 15 0 0 6 0.0 0.0
746 16 0 0 6 0.0 0.0
747 17 0 0 6 0.0 0.0
748 18 0 0 6 0.0 0.0
749 19 0 0 6 0.0 0.0
750 20 0 0 6 0.0 0.0
751 21 0 0 6 0.0 0.0
752 22 0 0 6 0.0 0.0
753 23 0 0 6 0.0 0.0
754 24 0 0 6 0.0 0.0
755 25 0 0 6 0.0 0.0
756 26 0 0 6 0.0 0.0
757 27 0 0 6 0.0 0.0
758 28 0 0 6 0.0 0.0
759 29 0 0 6 0.0 0.0
760 30 0 0 6 0.0 0.0
761 31 0 0 6 0.0 0.0
762 32 0 0 6 0.0 0.0
763 33 0 0 6 0.0 0.0
764 34 0 0 6 0.0 0.0
765 35 0 0 6 0.0 0.0
766 36 0 0 6 0.0 0.0
767 37 0 0 6 0.0 0.0
768 38 0 0 6 0.0 0.0
769 39 0 0 6 0.0 0.0
770 40 0 0 6 0.0 0.0
771 41 0 0 6 0.0 0.0
772 42 0 0 6 0.0 0.0
773 43 0 0 6 0.0 0.0
774 44 0 0 6 0.0 0.0
775 45 0 0 6 0.0 0.0
776 46 0 0 6 0.0 0.0
777 47 0 0 6 0.0 0.0
778 48 0 0 6 0.0 0.0
779 49 0 0 6 0.0 0.0
780 50 0 0 6 0.0 0.0
781 51 0 0 6 0.0 0.0
782 52 0 0 6 0.0 0.0
783 53 0 0 6 0.0 0.0
784 54 0 0 6 0.0 0.0
785 55 0 0 6 0.0 0.0
786 56 0 0 6 0.0 0.0
787 57 0 0 6 0.0 0.0
788 58 0 0 6 0.0 0.0
789 59 0 0 6 0.0 0.0
790 60 0 0 6 0.0 0.0
791 61 0 0 6 0.0 0.0
792 62 0 0 6 0.0 0.0
793 63 0 0 6 0.0 0.0
794 64 0 0 6 0.0 0.0
795 65 0 0 6 0.0 0.0
796 66 0 0 6 0.0 0.0
797 67 0 0 6 0.0 0.0
798 68 0 0 6 0.0 0.0
799 69 0 0 6 0.0 0.0
800 70 0 0 6 0.0 0.0
801 71 0 0 6 0.0 0.0
802 72 0 0 6 0.0 0.0
803 73 0 0 6 0.0 0.0
804 74 0 0 6 0.0 0.0
805 75 0 0 6 0.0 0.0
806 76 0 0 6 0.0 0.0
807 77 0 0 6 0.0 0.0
808 78 0 0 6 0.0 0.0
809 79 0 0 6 0.0 0.0
810 80 0 0 6 0.0 0.0
811 81 0 0 6 0.0 0.0
812 82 0 0 6 0.0 0.0
813 83 0 0 6 0.0 0.0
814 84 0 0 6 0.0 0.0
815 85 0 0 6 0.0 0.0
816 86 0 0 6 0.0 0.0
817 87 0 0 6 0.0 0.0
818 88 0 0 6 0.0 0.0
819 89 0 0 6 0.0 0.0
820 90 0 0 6 0.0 0.0
821 91 8 0.0967347 4 0.0 0.0
822 92 8 0.0967347 4 0.0 0.0
823 93 8 0.0967347 4 0.0 0.0
824 94 8 0.0967347 4 0.0 0.0
825 95 8 0.0967347 4 0.0 0.0
826 96 8 0.0967347 4 0.0 0.0
827 97 8 0.0967347 4 0.0 0.0
828 98 8 0.0967347 4 0.0 0.0
829 99 8 0.0967347 4 0.0 0.0
830 100 8 0.0967347 4 0.0 0.0
831 101 8 0.0967347 4 0.0 0.0
832 102 8 0.0967347 4 0.0 0.0
833 103 8 0.0967347 4 0.0 0.0
834 104 8 0.0967347 4 0.0 0.0
835 105 8 0.0967347 4 0.0 0.0
836 106 8 0.0967347 4 0.0 0.0
837 107 8 0.0967347 4 0.0 0.0
838 108 8 0.0967347 4 0.0 0.0
839 109 8 0.0967347 4 0.0 0.0
840 110 8 0.0967347 4 0.0 0.0
841 111 8 0.0967347 4 0.0 0.0
842 112 8 0.0967347 4 0.0 0.0
843 113 8 0.0967347 4 0.0 0.0
844 114 8 0.0967347 4 0.0 0.0
845 115 8 0.0967347 4 0.0 0.0
846 116 8 0.0967347 4 0.0 0.0
847 117 8 0.0967347 4 0.0 0.0
848 118 8 0.0967347 4 0.0 0.0
849 119 8 0.0967347 4 0.0 0.0
850 120 8 0.0967347 4 0.0 0.0
851 121 8 0.0967347 4 0.0 0.0
852 122 8 0.0967347 4 0.0 0.0
853 123 8 0.0967347 4 0.0 0.0
854 124 8 0.0967347 4 0.0 0.0
855 125 8 0.0967347 4 0.0 0.0
856 126 8 0.0967347 4 0.0 0.0
857 127 8 0.0967347 4 0.0 0.0
858 128 8 0.0967347 4 0.0 0.0
859 129 8 0.0967347 4 0.0 0.0
860 130 8 0.0967347 4 0.0 0.0
861 131 8 0.0967347 4 0.0 0.0
862 132 8 0.0967347 4 0.0 0.0
863 133 8 0.0967347 4 0.0 0.0
864 134 8 0.0967347 4 0.0 0.0
865 135 8 0.0967347 4 0.0 0.0
866 136 8 0.0967347 4 0.0 0.0
867 137 8 0.0967347 4 0.0 0.0
868 138 8 0.0967347 4 0.0 0.0
869 139 8 0.0967347 4 0.0 0.0
870 140 8 0.0967347 4 0.0 0.0
871 141 8 0.0967347 4 0.0 0.0
872 142 8 0.0967347 4 0.0 0.0
873 143 8 0.0967347 4 0.0 0.0
874 144 8 0.0967347 4 0.0 0.0
875 145 8 0.0967347 4 0.0 0.0
876 146 8 0.0967347 4 0.0 0.0
877 147 8 0.0967347 4 0.0 0.0
878 148 8 0.0967347 4 0.0 0.0
879 149 8 0.0967347 4 0.0 0.0
880 150 8 0.0967347 4 0.0 0.0
881 151 8 0.0967347 4 0.0 0.0
882 152 8 0.0967347 4 0.0 0.0
883 153 8 0.0967347 4 0.0 0.0
884 154 8 0.0967347 4 0.0 0.0
885 155 8 0.0967347 4 0.0 0.0
886 156 8 0.0967347 4 0.0 0.0
887 157 8 0.0967347 4 0.0 0.0
888 158 8 0.0967347 4 0.0 0.0
889 159 8 0.0967347 4 0.0 0.0
890 160 8 0.0967347 4 0.0 0.0
891 161 8 0.0967347 4 0.0 0.0
892 162 8 0.0967347 4 0.0 0.0
893 163 8 0.0967347 4 0.0 0.0
894 164 8 0.0967347 4 0.0 0.0
895 165 8 0.0967347 4 0.0 0.0
896 166 8 0.0967347 4 0.0 0.0
897 167 8 0.0967347 4 0.0 0.0
898 168 8 0.0967347 4 0.0 0.0
899 169 8 0.0967347 4 0.0 0.0
900 170 8 0.0967347 4 0.0 0.0
901 171 8 0.0967347 4 0.0 0.0
902 172 8 0.0967347 4 0.0 0.0
903 173 8 0.0967347 4 0.0 0.0
904 174 8 0.0967347 4 0.0 0.0
905 175 8 0.0967347 4 0.0 0.0
906 176 8 0.0967347 4 0.0 0.0
907 177 8 0.0967347 4 0.0 0.0
908 178 8 0.0967347 4 0.0 0.0
909 179 8 0.0967347 4 0.0 0.0
910 180 8 0.0967347 4 0.0 0.0
911 181 8 0.0967347 4 0.0 0.0
912 182 8 0.0967347 4 0.0 0.0
913 183 8 0.0967347 4 0.0 0.0
914 184 8 0.0967347 4 0.0 0.0
915 185 8 0.0967347 4 0.0 0.0
916 186 8 0.0967347 4 0.0 0.0
917 187 8 0.0967347 4 0.0 0.0
918 188 8 0.0967347 4 0.0 0.0
919 189 8 0.0967347 4 0.0 0.0
920 190 8 0.0967347 4 0.0 0.0
921 191 8 0.0967347 4 0.0 0.0
922 192 8 0.0967347 4 0.0 0.0
923 193 8 0.0967347 4 0.0 0.0
924 194 8 0.0967347 4 0.0 0.0
925 195 8 0.0967347 4 0.0 0.0
926 196 8 0.0967347 4 0.0 0.0
927 197 8 0.0967347 4 0.0 0.0
928 198 8 0.0967347 4 0.0 0.0
929 199 8 0.0967347 4 0.0 0.0
930 200 8 0.0967347 4 0.0 0.0
931 201 8 0.0967347 4 0.0 0.0
932 202 8 0.0967347 4 0.0 0.0
933 203 8 0.0967347 4 0.0 0.0
934 204 8 0.0967347 4 0.0 0.0
935 205 8 0.0967347 4 0.0 0.0
936 206 8 0.0967347 4 0.0 0.0
937 207 8 0.0967347 4 0.0 0.0
938 208 8 0.0967347 4 0.0 0.0
939 209 8 0.0967347 4 0.0 0.0
940 210 8 0.0967347 4 0.0 0.0
941 211 8 0.0967347 4 0.0 0.0
942 212 8 0.0967347 4 0.0 0.0
943 213 8 0.0967347 4 0.0 0.0
944 214 8 0.0967347 4 0.0 0.0
945 215 8 0.0967347 4 0.0 0.0
946 216 8 0.0967347 4 0.0 0.0
947 217 8 0.0967347 4 0.0 0.0
948 218 8 0.0967347 4 0.0 0.0
949 219 8 0.0967347 4 0.0 0.0
950 220 8 0.0967347 4 0.0 0.0
951 221 8 0.0967347 4 0.0 0.0
952 222 8 0.0967347 4 0.0 0.0
953 223 8 0.0967347 4 0.0 0.0
954 224 8 0.0967347 4 0.0 0.0
955 225 8 0.0967347 4 0.0 0.0
956 226 8 0.0967347 4 0.0 0.0
957 227 8 0.0967347 4 0.0 0.0
958 228 8 0.0967347 4 0.0 0.0
959 229 8 0.0967347 4 0.0 0.0
960 230 8 0.0967347 4 0.0 0.0
961 231 8 0.0967347 4 0.0 0.0
962 232 8 0.0967347 4 0.0 0.0
963 233 8 0.0967347 4 0.0 0.0
964 234 8 0.0967347 4 0.0 0.0
965 235 8 0.0967347 4 0.0 0.0
966 236 8 0.0967347 4 0.0 0.0
967 237 8 0.0967347 4 0.0 0.0
968 238 8 0.0967347 4 0.0 0.0
969 239 8 0.0967347 4 0.0 0.0
970 240 8 0.0967347 4 0.0 0.0
971 241 8 0.0967347 4 0.0 0.0
972 242 8 0.0967347 4 0.0 0.0
973 243 8 0.0967347 4 0.0 0.0
974 244 8 0.0967347 4 0.0 0.0
975 245 8 0.0967347 4 0.0 0.0
976 246 8 0.0967347 4 0.0 0.0
977 247 8 0.0967347 4 0.0 0.0
978 248 8 0.0967347 4 0.0 0.0
979 249 8 0.0967347 4 0.0 0.0
980 250 8 0.0967347 4 0.0 0.0
981 251 8 0.0967347 4 0.0 0.0
982 252 8 0.0967347 4 0.0 0.0
983 253 8 0.0967347 4 0.0 0.0
984 254 8 0.0967347 4 0.0 0.0
985 255 8 0.0967347 4 0.0 0.0
986 256 8 0.0967347 4 0.0 0.0
987 257 8 0.0967347 4 0.0 0.0
988 258 8 0.0967347 4 0.0 0.0
989 259 8 0.0967347 4 0.0 0.0
990 260 8 0.0967347 4 0.0 0.0
991 261 8 0.0967347 4 0.0 0.0
992 262 8 0.0967347 4 0.0 0.0
993 263 8 0.0967347 4 0.0 0.0
994 264 8 0.0967347 4 0.0 0.0
995 265 8 0.0967347 4 0.0 0.0
996 266 8 0.0967347 4 0.0 0.0
997 267 8 0.0967347 4 0.0 0.0
998 268 8 0.0967347 4 0.0 0.0
999 269 8 0.0967347 4 0.0 0.0
1000 270 8 0.0967347 4 0.0 0.0
1001 271 8 0.0967347 4 0.0 0.0
1002 272 8 0.0967347 4 0.0 0.0
1003 273 8 0.0967347 4 0.0 0.0
1004 274 8 0.0967347 4 0.0 0.0
1005 275 8 0.0967347 4 0.0 0.0
1006 276 8 0.0967347 4 0.0 0.0
1007 277 8 0.0967347 4 0.0 0.0
1008 278 8 0.0967347 4 0.0 0.0
1009 279 8 0.0967347 4 0.0 0.0
1010 280 8 0.0967347 4 0.0 0.0
1011 281 8 0.0967347 4 0.0 0.0
1012 282 8 0.0967347 4 0.0 0.0
1013 283 8 0.0967347 4 0.0 0.0
1014 284 8 0.0967347 4 0.0 0.0
1015 285 8 0.0967347 4 0.0 0.0
1016 286 8 0.0967347 4 0.0 0.0
1017 287 8 0.0967347 4 0.0 0.0
1018 288 8 0.0967347 4 0.0 0.0
1019 289 8 0.0967347 4 0.0 0.0
1020 290 8 0.0967347 4 0.0 0.0
1021 291 8 0.0967347 4 0.0 0.0
1022 292 8 0.0967347 4 0.0 0.0
1023 293 8 0.0967347 4 0.0 0.0
1024 294 8 0.0967347 4 0.0 0.0
1025 295 8 0.0967347 4 0.0 0.0
1026 296 8 0.0967347 4 0.0 0.0
1027 297 8 0.0967347 4 0.0 0.0
1028 298 8 0.0967347 4 0.0 0.0
1029 299 8 0.0967347 4 0.0 0.0
1030 300 8 0.0967347 4 0.0 0.0
1031 301 8 0.0967347 4 0.0 0.0
1032 302 8 0.0967347 4 0.0 0.0
1033 303 8 0.0967347 4 0.0 0.0
1034 304 8 0.0967347 4 0.0 0.0
1035 305 8 0.0967347 4 0.0 0.0
1036 306 8 0.0967347 4 0.0 0.0
1037 307 8 0.0967347 4 0.0 0.0
1038 308 8 0.0967347 4 0.0 0.0
1039 309 8 0.0967347 4 0.0 0.0
1040 310 8 0.0967347 4 0.0 0.0
1041 311 8 0.0967347 4 0.0 0.0
1042 312 8 0.0967347 4 0.0 0.0
1043 313 8 0.0967347 4 0.0 0.0
1044 314 8 0.0967347 4 0.0 0.0
1045 315 8 0.0967347 4 0.0 0.0
1046 316 8 0.0967347 4 0.0 0.0
1047 317 8 0.0967347 4 0.0 0.0
1048 318 8 0.0967347 4 0.0 0.0
1049 319 8 0.0967347 4 0.0 0.0
1050 320 8 0.0967347 4 0.0 0.0
1051 321 8 0.0967347 4 0.0 0.0
1052 322 8 0.0967347 4 0.0 0.0
1053 323 8 0.0967347 4 0.0 0.0
1054 324 8 0.0967347 4 0.0 0.0
1055 325 8 0.0967347 4 0.0 0.0
1056 326 8 0.0967347 4 0.0 0.0
1057 327 8 0.0967347 4 0.0 0.0
1058 328 8 0.0967347 4 0.0 0.0
1059 329 8 0.0967347 4 0.0 0.0
1060 330 8 0.0967347 4 0.0 0.0
1061 331 8 0.0967347 4 0.0 0.0
1062 332 8 0.0967347 4 0.0 0.0
1063 333 8 0.0967347 4 0.0 0.0
1064 334 8 0.0967347 4 0.0 0.0
1065 335 8 0.0967347 4 0.0 0.0
1066 336 0 0 6 0.0 0.0
1067 337 0 0 6 0.0 0.0
1068 338 0 0 6 0.0 0.0
1069 339 0 0 6 0.0 0.0
1070 340 0 0 6 0.0 0.0
1071 341 0 0 6 0.0 0.0
1072 342 0 0 6 0.0 0.0
1073 343 0 0 6 0.0 0.0
1074 344 0 0 6 0.0 0.0
1075 345 0 0 6 0.0 0.0
1076 346 0 0 6 0.0 0.0
1077 347 0 0 6 0.0 0.0
1078 348 0 0 6 0.0 0.0
1079 349 0 0 6 0.0 0.0
1080 350 0 0 6 0.0 0.0
1081 351 0 0 6 0.0 0.0
1082 352 0 0 6 0.0 0.0
1083 353 0 0 6 0.0 0.0
1084 354 0 0 6 0.0 0.0
1085 355 0 0 6 0.0 0.0
1086 356 0 0 6 0.0 0.0
1087 357 0 0 6 0.0 0.0
1088 358 0 0 6 0.0 0.0
1089 359 0 0 6 0.0 0.0
1090 360 0 0 6 0.0 0.0
1091 361 0 0 6 0.0 0.0
1092 362 0 0 6 0.0 0.0
1093 363 0 0 6 0.0 0.0
1094 364 0 0 6 0.0 0.0
1095 365 0 0 6 0.0 0.0
Starting new year: 2013
1096 1 0 0 20 0.0 0.0
1097 2 0 0 20 0.0 0.0
1098 3 0 0 20 0.0 0.0
1099 4 0 0 20 0.0 0.0
1100 5 0 0 20 0.0 0.0
1101 6 0 0 20 0.0 0.0
1102 7 0 0 20 0.0 0.0
1103 8 0 0 20 0.0 0.0
1104 9 0 0 20 0.0 0.0
1105 10 0 0 20 0.0 0.0
1106 11 0 0 20 0.0 0.0
1107 12 0 0 20 0.0 0.0
1108 13 0 0 20 0.0 0.0
1109 14 0 0 20 0.0 0.0
1110 15 0 0 20 0.0 0.0
1111 16 0 0 20 0.0 0.0
1112 17 0 0 20 0.0 0.0
1113 18 0 0 20 0.0 0.0
1114 19 0 0 20 0.0 0.0
1115 20 0 0 20 0.0 0.0
1116 21 0 0 20 0.0 0.0
1117 22 0 0 20 0.0 0.0
1118 23 0 0 20 0.0 0.0
1119 24 0 0 20 0.0 0.0
1120 25 0 0 20 0.0 0.0
1121 26 0 0 20 0.0 0.0
1122 27 0 0 20 0.0 0.0
1123 28 0 0 20 0.0 0.0
1124 29 0 0 20 0.0 0.0
1125 30 0 0 20 0.0 0.0
1126 31 0 0 20 0.0 0.0
1127 32 0 0 20 0.0 0.0
1128 33 0 0 20 0.0 0.0
1129 34 0 0 20 0.0 0.0
1130 35 0 0 20 0.0 0.0
1131 36 0 0 20 0.0 0.0
1132 37 0 0 20 0.0 0.0
1133 38 0 0 20 0.0 0.0
1134 39 0 0 20 0.0 0.0
1135 40 0 0 20 0.0 0.0
1136 41 0 0 20 0.0 0.0
1137 42 0 0 20 0.0 0.0
1138 43 0 0 20 0.0 0.0
1139 44 0 0 20 0.0 0.0
1140 45 0 0 20 0.0 0.0
1141 46 0 0 20 0.0 0.0
1142 47 0 0 20 0.0 0.0
1143 48 0 0 20 0.0 0.0
1144 49 0 0 20 0.0 0.0
1145 50 0 0 20 0.0 0.0
1146 51 0 0 20 0.0 0.0
1147 52 0 0 20 0.0 0.0
1148 53 0 0 20 0.0 0.0
1149 54 0 0 20 0.0 0.0
1150 55 0 0 20 0.0 0.0
1151 56 0 0 20 0.0 0.0
1152 57 0 0 20 0.0 0.0
1153 58 0 0 20 0.0 0.0
1154 59 0 0 20 0.0 0.0
1155 60 0 0 20 0.0 0.0
1156 61 0 0 20 0.0 0.0
1157 62 0 0 20 0.0 0.0
1158 63 0 0 20 0.0 0.0
1159 64 0 0 20 0.0 0.0
1160 65 0 0 20 0.0 0.0
1161 66 0 0 20 0.0 0.0
1162 67 0 0 20 0.0 0.0
1163 68 0 0 20 0.0 0.0
1164 69 0 0 20 0.0 0.0
1165 70 0 0 20 0.0 0.0
1166 71 0 0 20 0.0 0.0
1167 72 0 0 20 0.0 0.0
1168 73 0 0 20 0.0 0.0
1169 74 0 0 20 0.0 0.0
1170 75 0 0 20 0.0 0.0
1171 76 0 0 20 0.0 0.0
1172 77 0 0 20 0.0 0.0
1173 78 0 0 20 0.0 0.0
1174 79 0 0 20 0.0 0.0
1175 80 0 0 20 0.0 0.0
1176 81 0 0 20 0.0 0.0
1177 82 0 0 20 0.0 0.0
1178 83 0 0 20 0.0 0.0
1179 84 0 0 20 0.0 0.0
1180 85 0 0 20 0.0 0.0
1181 86 0 0 20 0.0 0.0
1182 87 0 0 20 0.0 0.0
1183 88 0 0 20 0.0 0.0
1184 89 0 0 20 0.0 0.0
1185 90 0 0 20 0.0 0.0
1186 91 0 0 20 0.0 0.0
1187 92 0 0 20 0.0 0.0
1188 93 0 0 20 0.0 0.0
1189 94 0 0 20 0.0 0.0
1190 95 0 0 20 0.0 0.0
1191 96 0 0 20 0.0 0.0
1192 97 0 0 20 0.0 0.0
1193 98 0 0 20 0.0 0.0
1194 99 0 0 20 0.0 0.0
1195 100 0 0 20 0.0 0.0
1196 101 0 0 20 0.0 0.0
1197 102 0 0 20 0.0 0.0
1198 103 0 0 20 0.0 0.0
1199 104 0 0 20 0.0 0.0
1200 105 0 0 20 0.0 0.0
1201 106 0 0 20 0.0 0.0
1202 107 0 0 20 0.0 0.0
1203 108 0 0 20 0.0 0.0
1204 109 0 0 20 0.0 0.0
1205 110 0 0 20 0.0 0.0
1206 111 0 0 20 0.0 0.0
1207 112 0 0 20 0.0 0.0
1208 113 0 0 20 0.0 0.0
1209 114 0 0 20 0.0 0.0
1210 115 0 0 20 0.0 0.0
1211 116 0 0 20 0.0 0.0
1212 117 0 0 20 0.0 0.0
1213 118 0 0 20 0.0 0.0
1214 119 0 0 20 0.0 0.0
1215 120 0 0 20 0.0 0.0
1216 121 0 0 20 0.0 0.0
1217 122 0 0 20 0.0 0.0
1218 123 0 0 20 0.0 0.0
1219 124 0 0 20 0.0 0.0
1220 125 0 0 20 0.0 0.0
1221 126 0 0 20 0.0 0.0
1222 127 0 0 20 0.0 0.0
1223 128 0 0 20 0.0 0.0
1224 129 0 0 20 0.0 0.0
1225 130 0 0 20 0.0 0.0
1226 131 0 0 20 0.0 0.0
1227 132 0 0 20 0.0 0.0
1228 133 0 0 20 0.0 0.0
1229 134 0 0 20 0.0 0.0
1230 135 0 0 20 0.0 0.0
1231 136 0 0 20 0.0 0.0
1232 137 0 0 20 0.0 0.0
1233 138 0 0 20 0.0 0.0
1234 139 0 0 20 0.0 0.0
1235 140 0 0 20 0.0 0.0
1236 141 0 0 20 0.0 0.0
1237 142 0 0 20 0.0 0.0
1238 143 0 0 20 0.0 0.0
1239 144 0 0 20 0.0 0.0
1240 145 0 0 20 0.0 0.0
1241 146 0 0 20 0.0 0.0
1242 147 0 0 20 0.0 0.0
1243 148 0 0 20 0.0 0.0
1244 149 0 0 20 0.0 0.0
1245 150 0 0 20 0.0 0.0
1246 151 0 0 20 0.0 0.0
1247 152 0 0 20 0.0 0.0
1248 153 0 0 20 0.0 0.0
1249 154 0 0 20 0.0 0.0
1250 155 0 0 20 0.0 0.0
1251 156 0 0 6 0.0 0.0
1252 157 0 0 6 0.0 0.0
1253 158 0 0 6 0.0 0.0
1254 159 0 0 6 0.0 0.0
1255 160 0 0 6 0.0 0.0
1256 161 0 0 6 0.0 0.0
1257 162 0 0 6 0.0 0.0
1258 163 0 0 6 0.0 0.0
1259 164 0 0 6 0.0 0.0
1260 165 0 0 6 0.0 0.0
1261 166 0 0 6 0.0 0.0
1262 167 0 0 6 0.0 0.0
1263 168 0 0 6 0.0 0.0
1264 169 0 0 6 0.0 0.0
1265 170 0 0 6 0.0 0.0
1266 171 0 0 6 0.0 0.0
1267 172 0 0 6 0.0 0.0
1268 173 0 0 6 0.0 0.0
1269 174 0 0 6 0.0 0.0
1270 175 0 0 6 0.0 0.0
1271 176 0 0 6 0.0 0.0
1272 177 0 0 6 0.0 0.0
1273 178 0 0 6 0.0 0.0
1274 179 0 0 6 0.0 0.0
1275 180 0 0 6 0.0 0.0
1276 181 0 0 6 0.0 0.0
1277 182 0 0 6 0.0 0.0
1278 183 0 0 6 0.0 0.0
1279 184 0 0 6 0.0 0.0
1280 185 0 0 6 0.0 0.0
1281 186 0 0 6 0.0 0.0
1282 187 0 0 6 0.0 0.0
1283 188 0 0 6 0.0 0.0
1284 189 0 0 6 0.0 0.0
1285 190 0 0 6 0.0 0.0
1286 191 0 0 6 0.0 0.0
1287 192 0 0 6 0.0 0.0
1288 193 0 0 6 0.0 0.0
1289 194 0 0 6 0.0 0.0
1290 195 0 0 6 0.0 0.0
1291 196 0 0 6 0.0 0.0
1292 197 0 0 6 0.0 0.0
1293 198 0 0 6 0.0 0.0
1294 199 0 0 6 0.0 0.0
1295 200 0 0 6 0.0 0.0
1296 201 0 0 6 0.0 0.0
1297 202 0 0 6 0.0 0.0
1298 203 0 0 6 0.0 0.0
1299 204 0 0 6 0.0 0.0
1300 205 0 0 6 0.0 0.0
1301 206 0 0 6 0.0 0.0
1302 207 0 0 6 0.0 0.0
1303 208 0 0 6 0.0 0.0
1304 209 0 0 6 0.0 0.0
1305 210 0 0 6 0.0 0.0
1306 211 0 0 6 0.0 0.0
1307 212 0 0 6 0.0 0.0
1308 213 0 0 6 0.0 0.0
1309 214 0 0 6 0.0 0.0
1310 215 0 0 6 0.0 0.0
1311 216 0 0 6 0.0 0.0
1312 217 0 0 6 0.0 0.0
1313 218 0 0 6 0.0 0.0
1314 219 0 0 6 0.0 0.0
1315 220 0 0 6 0.0 0.0
1316 221 0 0 6 0.0 0.0
1317 222 0 0 6 0.0 0.0
1318 223 0 0 6 0.0 0.0
1319 224 0 0 6 0.0 0.0
1320 225 0 0 6 0.0 0.0
1321 226 0 0 6 0.0 0.0
1322 227 0 0 6 0.0 0.0
1323 228 0 0 6 0.0 0.0
1324 229 0 0 6 0.0 0.0
1325 230 0 0 6 0.0 0.0
1326 231 0 0 6 0.0 0.0
1327 232 0 0 6 0.0 0.0
1328 233 0 0 6 0.0 0.0
1329 234 0 0 6 0.0 0.0
1330 235 0 0 6 0.0 0.0
1331 236 0 0 6 0.0 0.0
1332 237 0 0 6 0.0 0.0
1333 238 0 0 6 0.0 0.0
1334 239 0 0 6 0.0 0.0
1335 240 0 0 6 0.0 0.0
1336 241 0 0 6 0.0 0.0
1337 242 0 0 6 0.0 0.0
1338 243 0 0 6 0.0 0.0
1339 244 0 0 6 0.0 0.0
1340 245 0 0 6 0.0 0.0
1341 246 0 0 0 0.0 0.0
1342 247 0 0 0 0.0 0.0
1343 248 0 0 0 0.0 0.0
1344 249 0 0 0 0.0 0.0
1345 250 0 0 0 0.0 0.0
1346 251 0 0 0 0.0 0.0
1347 252 0 0 0 0.0 0.0
1348 253 0 0 0 0.0 0.0
1349 254 0 0 0 0.0 0.0
1350 255 0 0 0 0.0 0.0
1351 256 0 0 0 0.0 0.0
1352 257 0 0 0 0.0 0.0
1353 258 0 0 0 0.0 0.0
1354 259 0 0 0 0.0 0.0
1355 260 0 0 0 0.0 0.0
1356 261 0 0 0 0.0 0.0
1357 262 0 0 0 0.0 0.0
1358 263 0 0 0 0.0 0.0
1359 264 0 0 0 0.0 0.0
1360 265 0 0 0 0.0 0.0
1361 266 0 0 0 0.0 0.0
1362 267 0 0 0 0.0 0.0
1363 268 0 0 0 0.0 0.0
1364 269 0 0 0 0.0 0.0
1365 270 0 0 0 0.0 0.0
1366 271 0 0 0 0.0 0.0
1367 272 0 0 0 0.0 0.0
1368 273 0 0 0 0.0 0.0
1369 274 0 0 0 0.0 0.0
1370 275 0 0 0 0.0 0.0
1371 276 0 0 0 0.0 0.0
1372 277 0 0 0 0.0 0.0
1373 278 0 0 0 0.0 0.0
1374 279 0 0 0 0.0 0.0
1375 280 0 0 0 0.0 0.0
1376 281 0 0 0 0.0 0.0
1377 282 0 0 0 0.0 0.0
1378 283 0 0 0 0.0 0.0
1379 284 0 0 0 0.0 0.0
1380 285 0 0 0 0.0 0.0
1381 286 0 0 0 0.0 0.0
1382 287 0 0 0 0.0 0.0
1383 288 0 0 0 0.0 0.0
1384 289 0 0 0 0.0 0.0
1385 290 0 0 0 0.0 0.0
1386 291 0 0 0 0.0 0.0
1387 292 0 0 0 0.0 0.0
1388 293 0 0 0 0.0 0.0
1389 294 0 0 0 0.0 0.0
1390 295 0 0 0 0.0 0.0
1391 296 0 0 0 0.0 0.0
1392 297 0 0 0 0.0 0.0
1393 298 0 0 0 0.0 0.0
1394 299 0 0 0 0.0 0.0
1395 300 0 0 0 0.0 0.0
1396 301 0 0 0 0.0 0.0
1397 302 0 0 0 0.0 0.0
1398 303 0 0 0 0.0 0.0
1399 304 0 0 0 0.0 0.0
1400 305 0 0 0 0.0 0.0
1401 306 0 0 0 0.0 0.0
1402 307 0 0 0 0.0 0.0
1403 308 0 0 0 0.0 0.0
1404 309 0 0 0 0.0 0.0
1405 310 0 0 0 0.0 0.0
1406 311 0 0 0 0.0 0.0
1407 312 0 0 0 0.0 0.0
1408 313 0 0 0 0.0 0.0
1409 314 0 0 0 0.0 0.0
1410 315 0 0 0 0.0 0.0
1411 316 0 0 0 0.0 0.0
1412 317 0 0 0 0.0 0.0
1413 318 0 0 0 0.0 0.0
1414 319 0 0 0 0.0 0.0
1415 320 0 0 0 0.0 0.0
1416 321 0 0 0 0.0 0.0
1417 322 0 0 0 0.0 0.0
1418 323 0 0 0 0.0 0.0
1419 324 0 0 0 0.0 0.0
1420 325 0 0 0 0.0 0.0
1421 326 0 0 0 0.0 0.0
1422 327 0 0 0 0.0 0.0
1423 328 0 0 0 0.0 0.0
1424 329 0 0 0 0.0 0.0
1425 330 0 0 0 0.0 0.0
1426 331 0 0 0 0.0 0.0
1427 332 0 0 0 0.0 0.0
1428 333 0 0 0 0.0 0.0
1429 334 0 0 0 0.0 0.0
1430 335 0 0 0 0.0 0.0
1431 336 0 0 0 0.0 0.0
1432 337 0 0 0 0.0 0.0
1433 338 0 0 0 0.0 0.0
1434 339 0 0 0 0.0 0.0
1435 340 0 0 0 0.0 0.0
1436 341 0 0 0 0.0 0.0
1437 342 0 0 0 0.0 0.0
1438 343 0 0 0 0.0 0.0
1439 344 0 0 0 0.0 0.0
1440 345 0 0 0 0.0 0.0
1441 346 0 0 0 0.0 0.0
1442 347 0 0 0 0.0 0.0
1443 348 0 0 0 0.0 0.0
1444 349 0 0 0 0.0 0.0
1445 350 0 0 0 0.0 0.0
1446 351 0 0 0 0.0 0.0
1447 352 0 0 0 0.0 0.0
1448 353 0 0 0 0.0 0.0
1449 354 0 0 0 0.0 0.0
1450 355 0 0 0 0.0 0.0
1451 356 0 0 0 0.0 0.0
1452 357 0 0 0 0.0 0.0
1453 358 0 0 0 0.0 0.0
1454 359 0 0 0 0.0 0.0
1455 360 0 0 0 0.0 0.0
1456 361 0 0 0 0.0 0.0
1457 362 0 0 0 0.0 0.0
1458 363 0 0 0 0.0 0.0
1459 364 0 0 0 0.0 0.0
1460 365 0 0 0 0.0 0.0
Starting new year: 2014
1461 1 0 0 0 0.0 0.0
1462 2 0 0 0 0.0 0.0
1463 3 0 0 0 0.0 0.0
1464 4 0 0 0 0.0 0.0
1465 5 0 0 0 0.0 0.0
1466 6 0 0 0 0.0 0.0
1467 7 0 0 0 0.0 0.0
1468 8 0 0 0 0.0 0.0
1469 9 0 0 0 0.0 0.0
1470 10 0 0 0 0.0 0.0
1471 11 0 0 0 0.0 0.0
1472 12 0 0 0 0.0 0.0
1473 13 0 0 0 0.0 0.0
1474 14 0 0 0 0.0 0.0
1475 15 0 0 0 0.0 0.0
1476 16 0 0 0 0.0 0.0
1477 17 0 0 0 0.0 0.0
1478 18 0 0 0 0.0 0.0
1479 19 0 0 0 0.0 0.0
1480 20 0 0 0 0.0 0.0
1481 21 0 0 0 0.0 0.0
1482 22 0 0 0 0.0 0.0
1483 23 0 0 0 0.0 0.0
1484 24 0 0 0 0.0 0.0
1485 25 0 0 0 0.0 0.0
1486 26 0 0 0 0.0 0.0
1487 27 0 0 0 0.0 0.0
1488 28 0 0 0 0.0 0.0
1489 29 0 0 0 0.0 0.0
1490 30 0 0 0 0.0 0.0
1491 31 0 0 0 0.0 0.0
1492 32 0 0 0 0.0 0.0
1493 33 0 0 0 0.0 0.0
1494 34 0 0 0 0.0 0.0
1495 35 0 0 0 0.0 0.0
1496 36 0 0 0 0.0 0.0
1497 37 0 0 0 0.0 0.0
1498 38 0 0 0 0.0 0.0
1499 39 0 0 0 0.0 0.0
1500 40 0 0 0 0.0 0.0
1501 41 0 0 0 0.0 0.0
1502 42 0 0 0 0.0 0.0
1503 43 0 0 0 0.0 0.0
1504 44 0 0 0 0.0 0.0
1505 45 0 0 0 0.0 0.0
1506 46 0 0 0 0.0 0.0
1507 47 0 0 0 0.0 0.0
1508 48 0 0 0 0.0 0.0
1509 49 0 0 0 0.0 0.0
1510 50 0 0 0 0.0 0.0
1511 51 0 0 0 0.0 0.0
1512 52 0 0 0 0.0 0.0
1513 53 0 0 0 0.0 0.0
1514 54 0 0 0 0.0 0.0
1515 55 0 0 0 0.0 0.0
1516 56 0 0 0 0.0 0.0
1517 57 0 0 0 0.0 0.0
1518 58 0 0 0 0.0 0.0
1519 59 0 0 0 0.0 0.0
1520 60 0 0 0 0.0 0.0
1521 61 0 0 0 0.0 0.0
1522 62 0 0 0 0.0 0.0
1523 63 0 0 0 0.0 0.0
1524 64 0 0 0 0.0 0.0
1525 65 0 0 0 0.0 0.0
1526 66 0 0 0 0.0 0.0
1527 67 0 0 0 0.0 0.0
1528 68 0 0 0 0.0 0.0
1529 69 0 0 0 0.0 0.0
1530 70 0 0 0 0.0 0.0
1531 71 0 0 0 0.0 0.0
1532 72 0 0 0 0.0 0.0
1533 73 0 0 0 0.0 0.0
1534 74 0 0 0 0.0 0.0
1535 75 0 0 0 0.0 0.0
1536 76 0 0 0 0.0 0.0
1537 77 0 0 0 0.0 0.0
1538 78 0 0 0 0.0 0.0
1539 79 0 0 0 0.0 0.0
1540 80 0 0 0 0.0 0.0
1541 81 0 0 0 0.0 0.0
1542 82 0 0 0 0.0 0.0
1543 83 0 0 0 0.0 0.0
1544 84 0 0 0 0.0 0.0
1545 85 0 0 0 0.0 0.0
1546 86 0 0 0 0.0 0.0
1547 87 0 0 0 0.0 0.0
1548 88 0 0 0 0.0 0.0
1549 89 0 0 0 0.0 0.0
1550 90 0 0 0 0.0 0.0
1551 91 0 0 0 0.0 0.0
1552 92 0 0 0 0.0 0.0
1553 93 0 0 0 0.0 0.0
1554 94 0 0 0 0.0 0.0
1555 95 0 0 0 0.0 0.0
1556 96 0 0 0 0.0 0.0
1557 97 0 0 0 0.0 0.0
1558 98 0 0 0 0.0 0.0
1559 99 0 0 0 0.0 0.0
1560 100 0 0 0 0.0 0.0
1561 101 0 0 0 0.0 0.0
1562 102 0 0 0 0.0 0.0
1563 103 0 0 0 0.0 0.0
1564 104 0 0 0 0.0 0.0
1565 105 0 0 0 0.0 0.0
1566 106 0 0 0 0.0 0.0
1567 107 0 0 0 0.0 0.0
1568 108 0 0 0 0.0 0.0
1569 109 0 0 0 0.0 0.0
1570 110 0 0 0 0.0 0.0
1571 111 0 0 0 0.0 0.0
1572 112 0 0 0 0.0 0.0
1573 113 0 0 0 0.0 0.0
1574 114 0 0 0 0.0 0.0
1575 115 0 0 0 0.0 0.0
1576 116 0 0 0 0.0 0.0
1577 117 0 0 0 0.0 0.0
1578 118 0 0 0 0.0 0.0
1579 119 0 0 0 0.0 0.0
1580 120 0 0 0 0.0 0.0
1581 121 0 0 0 0.0 0.0
1582 122 0 0 0 0.0 0.0
1583 123 0 0 0 0.0 0.0
1584 124 0 0 0 0.0 0.0
1585 125 0 0 0 0.0 0.0
1586 126 0 0 0 0.0 0.0
1587 127 0 0 0 0.0 0.0
1588 128 0 0 0 0.0 0.0
1589 129 0 0 0 0.0 0.0
1590 130 0 0 0 0.0 0.0
1591 131 0 0 0 0.0 0.0
1592 132 0 0 0 0.0 0.0
1593 133 0 0 0 0.0 0.0
1594 134 0 0 0 0.0 0.0
1595 135 0 0 0 0.0 0.0
1596 136 0 0 0 0.0 0.0
1597 137 0 0 0 0.0 0.0
1598 138 0 0 0 0.0 0.0
1599 139 0 0 0 0.0 0.0
1600 140 0 0 0 0.0 0.0
1601 141 0 0 0 0.0 0.0
1602 142 0 0 0 0.0 0.0
1603 143 0 0 0 0.0 0.0
1604 144 0 0 0 0.0 0.0
1605 145 0 0 0 0.0 0.0
1606 146 0 0 0 0.0 0.0
1607 147 0 0 0 0.0 0.0
1608 148 0 0 0 0.0 0.0
1609 149 0 0 0 0.0 0.0
1610 150 0 0 0 0.0 0.0
1611 151 0 0 0 0.0 0.0
1612 152 0 0 0 0.0 0.0
1613 153 0 0 0 0.0 0.0
1614 154 0 0 0 0.0 0.0
1615 155 0 0 0 0.0 0.0
1616 156 0 0 0 0.0 0.0
1617 157 0 0 0 0.0 0.0
1618 158 0 0 0 0.0 0.0
1619 159 0 0 0 0.0 0.0
1620 160 0 0 0 0.0 0.0
1621 161 0 0 0 0.0 0.0
1622 162 0 0 0 0.0 0.0
1623 163 0 0 0 0.0 0.0
1624 164 0 0 0 0.0 0.0
1625 165 0 0 0 0.0 0.0
1626 166 0 0 0 0.0 0.0
1627 167 0 0 0 0.0 0.0
1628 168 0 0 0 0.0 0.0
1629 169 0 0 0 0.0 0.0
1630 170 0 0 0 0.0 0.0
1631 171 0 0 0 0.0 0.0
1632 172 0 0 0 0.0 0.0
1633 173 0 0 0 0.0 0.0
1634 174 0 0 0 0.0 0.0
1635 175 0 0 0 0.0 0.0
1636 176 0 0 0 0.0 0.0
1637 177 0 0 0 0.0 0.0
1638 178 0 0 0 0.0 0.0
1639 179 0 0 0 0.0 0.0
1640 180 0 0 0 0.0 0.0
1641 181 0 0 0 0.0 0.0
1642 182 0 0 0 0.0 0.0
1643 183 0 0 0 0.0 0.0
1644 184 0 0 0 0.0 0.0
1645 185 0 0 0 0.0 0.0
1646 186 0 0 0 0.0 0.0
1647 187 0 0 0 0.0 0.0
1648 188 0 0 0 0.0 0.0
1649 189 0 0 0 0.0 0.0
1650 190 0 0 0 0.0 0.0
1651 191 0 0 0 0.0 0.0
1652 192 0 0 0 0.0 0.0
1653 193 0 0 0 0.0 0.0
1654 194 0 0 0 0.0 0.0
1655 195 0 0 0 0.0 0.0
1656 196 0 0 0 0.0 0.0
1657 197 0 0 0 0.0 0.0
1658 198 0 0 0 0.0 0.0
1659 199 0 0 0 0.0 0.0
1660 200 0 0 0 0.0 0.0
1661 201 0 0 0 0.0 0.0
1662 202 0 0 0 0.0 0.0
1663 203 0 0 0 0.0 0.0
1664 204 0 0 0 0.0 0.0
1665 205 0 0 0 0.0 0.0
1666 206 0 0 0 0.0 0.0
1667 207 0 0 0 0.0 0.0
1668 208 0 0 0 0.0 0.0
1669 209 0 0 0 0.0 0.0
1670 210 0 0 0 0.0 0.0
1671 211 0 0 0 0.0 0.0
1672 212 0 0 0 0.0 0.0
1673 213 0 0 0 0.0 0.0
1674 214 0 0 0 0.0 0.0
1675 215 0 0 0 0.0 0.0
1676 216 0 0 0 0.0 0.0
1677 217 0 0 0 0.0 0.0
1678 218 0 0 0 0.0 0.0
1679 219 0 0 0 0.0 0.0
1680 220 0 0 0 0.0 0.0
1681 221 0 0 0 0.0 0.0
1682 222 0 0 0 0.0 0.0
1683 223 0 0 0 0.0 0.0
1684 224 0 0 0 0.0 0.0
1685 225 0 0 0 0.0 0.0
1686 226 0 0 0 0.0 0.0
1687 227 0 0 0 0.0 0.0
1688 228 0 0 0 0.0 0.0
1689 229 0 0 0 0.0 0.0
1690 230 0 0 0 0.0 0.0
1691 231 0 0 0 0.0 0.0
1692 232 0 0 0 0.0 0.0
1693 233 0 0 0 0.0 0.0
1694 234 0 0 0 0.0 0.0
1695 235 0 0 0 0.0 0.0
1696 236 0 0 0 0.0 0.0
1697 237 0 0 0 0.0 0.0
1698 238 0 0 0 0.0 0.0
1699 239 0 0 0 0.0 0.0
1700 240 0 0 0 0.0 0.0
1701 241 0 0 0 0.0 0.0
1702 242 0 0 0 0.0 0.0
1703 243 0 0 0 0.0 0.0
1704 244 0 0 0 0.0 0.0
1705 245 0 0 0 0.0 0.0
1706 246 0 0 0 0.0 0.0
1707 247 0 0 0 0.0 0.0
1708 248 0 0 0 0.0 0.0
1709 249 0 0 0 0.0 0.0
1710 250 0 0 0 0.0 0.0
1711 251 0 0 0 0.0 0.0
1712 252 0 0 0 0.0 0.0
1713 253 0 0 0 0.0 0.0
1714 254 0 0 0 0.0 0.0
1715 255 0 0 0 0.0 0.0
1716 256 0 0 0 0.0 0.0
1717 257 0 0 0 0.0 0.0
1718 258 0 0 0 0.0 0.0
1719 259 0 0 0 0.0 0.0
1720 260 0 0 0 0.0 0.0
1721 261 0 0 0 0.0 0.0
1722 262 0 0 0 0.0 0.0
1723 263 0 0 0 0.0 0.0
1724 264 0 0 0 0.0 0.0
1725 265 0 0 0 0.0 0.0
1726 266 0 0 0 0.0 0.0
1727 267 0 0 0 0.0 0.0
1728 268 0 0 0 0.0 0.0
1729 269 0 0 0 0.0 0.0
1730 270 0 0 0 0.0 0.0
1731 271 0 0 0 0.0 0.0
1732 272 0 0 0 0.0 0.0
1733 273 0 0 0 0.0 0.0
1734 274 0 0 0 0.0 0.0
1735 275 0 0 0 0.0 0.0
1736 276 0 0 0 0.0 0.0
1737 277 0 0 0 0.0 0.0
1738 278 0 0 0 0.0 0.0
1739 279 0 0 0 0.0 0.0
1740 280 0 0 0 0.0 0.0
1741 281 0 0 0 0.0 0.0
1742 282 0 0 0 0.0 0.0
1743 283 0 0 0 0.0 0.0
1744 284 0 0 0 0.0 0.0
1745 285 0 0 0 0.0 0.0
1746 286 0 0 0 0.0 0.0
1747 287 0 0 0 0.0 0.0
1748 288 0 0 0 0.0 0.0
1749 289 0 0 0 0.0 0.0
1750 290 0 0 0 0.0 0.0
1751 291 0 0 0 0.0 0.0
1752 292 0 0 0 0.0 0.0
1753 293 0 0 0 0.0 0.0
1754 294 0 0 0 0.0 0.0
1755 295 0 0 0 0.0 0.0
1756 296 0 0 0 0.0 0.0
1757 297 0 0 0 0.0 0.0
1758 298 0 0 0 0.0 0.0
1759 299 0 0 0 0.0 0.0
1760 300 0 0 0 0.0 0.0
1761 301 0 0 0 0.0 0.0
1762 302 0 0 0 0.0 0.0
1763 303 0 0 0 0.0 0.0
1764 304 0 0 0 0.0 0.0
1765 305 0 0 0 0.0 0.0
1766 306 0 0 0 0.0 0.0
1767 307 0 0 0 0.0 0.0
1768 308 0 0 0 0.0 0.0
1769 309 0 0 0 0.0 0.0
1770 310 0 0 0 0.0 0.0
1771 311 0 0 0 0.0 0.0
1772 312 0 0 0 0.0 0.0
1773 313 0 0 0 0.0 0.0
1774 314 0 0 0 0.0 0.0
1775 315 0 0 0 0.0 0.0
1776 316 0 0 0 0.0 0.0
1777 317 0 0 0 0.0 0.0
1778 318 0 0 0 0.0 0.0
1779 319 0 0 0 0.0 0.0
1780 320 0 0 0 0.0 0.0
1781 321 0 0 0 0.0 0.0
1782 322 0 0 0 0.0 0.0
1783 323 0 0 0 0.0 0.0
1784 324 0 0 0 0.0 0.0
1785 325 0 0 0 0.0 0.0
1786 326 0 0 0 0.0 0.0
1787 327 0 0 0 0.0 0.0
1788 328 0 0 0 0.0 0.0
1789 329 0 0 0 0.0 0.0
1790 330 0 0 0 0.0 0.0
1791 331 0 0 0 0.0 0.0
1792 332 0 0 0 0.0 0.0
1793 333 0 0 0 0.0 0.0
1794 334 0 0 0 0.0 0.0
1795 335 0 0 0 0.0 0.0
1796 336 0 0 0 0.0 0.0
1797 337 0 0 0 0.0 0.0
1798 338 0 0 0 0.0 0.0
1799 339 0 0 0 0.0 0.0
1800 340 0 0 0 0.0 0.0
1801 341 0 0 0 0.0 0.0
1802 342 0 0 0 0.0 0.0
1803 343 0 0 0 0.0 0.0
1804 344 0 0 0 0.0 0.0
1805 345 0 0 0 0.0 0.0
1806 346 0 0 0 0.0 0.0
1807 347 0 0 0 0.0 0.0
1808 348 0 0 0 0.0 0.0
1809 349 0 0 0 0.0 0.0
1810 350 0 0 0 0.0 0.0
1811 351 0 0 0 0.0 0.0
1812 352 0 0 0 0.0 0.0
1813 353 0 0 0 0.0 0.0
1814 354 0 0 0 0.0 0.0
1815 355 0 0 0 0.0 0.0
1816 356 0 0 0 0.0 0.0
1817 357 0 0 0 0.0 0.0
1818 358 0 0 0 0.0 0.0
1819 359 0 0 0 0.0 0.0
1820 360 0 0 0 0.0 0.0
1821 361 0 0 0 0.0 0.0
1822 362 0 0 0 0.0 0.0
1823 363 0 0 0 0.0 0.0
1824 364 0 0 0 0.0 0.0
1825 365 0 0 0 0.0 0.0
Starting new year: 2015
1826 1 0 0 0 0.0 0.0
1827 2 0 0 0 0.0 0.0
1828 3 0 0 0 0.0 0.0
1829 4 0 0 0 0.0 0.0
1830 5 0 0 0 0.0 0.0
1831 6 0 0 0 0.0 0.0
1832 7 0 0 0 0.0 0.0
1833 8 0 0 0 0.0 0.0
1834 9 0 0 0 0.0 0.0
1835 10 0 0 0 0.0 0.0
1836 11 0 0 0 0.0 0.0
1837 12 0 0 0 0.0 0.0
1838 13 0 0 0 0.0 0.0
1839 14 0 0 0 0.0 0.0
1840 15 0 0 0 0.0 0.0
1841 16 0 0 0 0.0 0.0
1842 17 0 0 0 0.0 0.0
1843 18 0 0 0 0.0 0.0
1844 19 0 0 0 0.0 0.0
1845 20 0 0 0 0.0 0.0
1846 21 0 0 0 0.0 0.0
1847 22 0 0 0 0.0 0.0
1848 23 0 0 0 0.0 0.0
1849 24 0 0 0 0.0 0.0
1850 25 0 0 0 0.0 0.0
1851 26 0 0 0 0.0 0.0
1852 27 0 0 0 0.0 0.0
1853 28 0 0 0 0.0 0.0
1854 29 0 0 0 0.0 0.0
1855 30 0 0 0 0.0 0.0
1856 31 0 0 0 0.0 0.0
1857 32 0 0 0 0.0 0.0
1858 33 0 0 0 0.0 0.0
1859 34 0 0 0 0.0 0.0
1860 35 0 0 0 0.0 0.0
1861 36 0 0 0 0.0 0.0
1862 37 0 0 0 0.0 0.0
1863 38 0 0 0 0.0 0.0
1864 39 0 0 0 0.0 0.0
1865 40 0 0 0 0.0 0.0
1866 41 0 0 0 0.0 0.0
1867 42 0 0 0 0.0 0.0
1868 43 0 0 0 0.0 0.0
1869 44 0 0 0 0.0 0.0
1870 45 0 0 0 0.0 0.0
1871 46 0 0 0 0.0 0.0
1872 47 0 0 0 0.0 0.0
1873 48 0 0 0 0.0 0.0
1874 49 0 0 0 0.0 0.0
1875 50 0 0 0 0.0 0.0
1876 51 0 0 0 0.0 0.0
1877 52 0 0 0 0.0 0.0
1878 53 0 0 0 0.0 0.0
1879 54 0 0 0 0.0 0.0
1880 55 0 0 0 0.0 0.0
1881 56 0 0 0 0.0 0.0
1882 57 0 0 0 0.0 0.0
1883 58 0 0 0 0.0 0.0
1884 59 0 0 0 0.0 0.0
1885 60 0 0 0 0.0 0.0
1886 61 0 0 0 0.0 0.0
1887 62 0 0 0 0.0 0.0
1888 63 0 0 0 0.0 0.0
1889 64 0 0 0 0.0 0.0
1890 65 0 0 0 0.0 0.0
1891 66 0 0 0 0.0 0.0
1892 67 0 0 0 0.0 0.0
1893 68 0 0 0 0.0 0.0
1894 69 0 0 0 0.0 0.0
1895 70 0 0 0 0.0 0.0
1896 71 0 0 0 0.0 0.0
1897 72 0 0 0 0.0 0.0
1898 73 0 0 0 0.0 0.0
1899 74 0 0 0 0.0 0.0
1900 75 0 0 0 0.0 0.0
1901 76 0 0 0 0.0 0.0
1902 77 0 0 0 0.0 0.0
1903 78 0 0 0 0.0 0.0
1904 79 0 0 0 0.0 0.0
1905 80 0 0 0 0.0 0.0
1906 81 0 0 0 0.0 0.0
1907 82 0 0 0 0.0 0.0
1908 83 0 0 0 0.0 0.0
1909 84 0 0 0 0.0 0.0
1910 85 0 0 0 0.0 0.0
1911 86 0 0 0 0.0 0.0
1912 87 0 0 0 0.0 0.0
1913 88 0 0 0 0.0 0.0
1914 89 0 0 0 0.0 0.0
1915 90 0 0 0 0.0 0.0
1916 91 13 0.0167347 -15 0.0 0.0
1917 92 13 0.0167347 -15 0.0 0.0
1918 93 13 0.0167347 -15 0.0 0.0
1919 94 13 0.0167347 -15 0.0 0.0
1920 95 13 0.0167347 -15 0.0 0.0
1921 96 13 0.0167347 -15 0.0 0.0
1922 97 13 0.0167347 -15 0.0 0.0
1923 98 13 0.0167347 -15 0.0 0.0
1924 99 13 0.0167347 -15 0.0 0.0
1925 100 13 0.0167347 -15 0.0 0.0
1926 101 13 0.0167347 -15 0.0 0.0
1927 102 13 0.0167347 -15 0.0 0.0
1928 103 13 0.0167347 -15 0.0 0.0
1929 104 13 0.0167347 -15 0.0 0.0
1930 105 13 0.0167347 -15 0.0 0.0
1931 106 13 0.0167347 -15 0.0 0.0
1932 107 13 0.0167347 -15 0.0 0.0
1933 108 13 0.0167347 -15 0.0 0.0
1934 109 13 0.0167347 -15 0.0 0.0
1935 110 13 0.0167347 -15 0.0 0.0
1936 111 13 0.0167347 -15 0.0 0.0
1937 112 13 0.0167347 -15 0.0 0.0
1938 113 13 0.0167347 -15 0.0 0.0
1939 114 13 0.0167347 -15 0.0 0.0
1940 115 13 0.0167347 -15 0.0 0.0
1941 116 13 0.0167347 -15 0.0 0.0
1942 117 13 0.0167347 -15 0.0 0.0
1943 118 13 0.0167347 -15 0.0 0.0
1944 119 13 0.0167347 -15 0.0 0.0
1945 120 13 0.0167347 -15 0.0 0.0
1946 121 13 0.0167347 -15 0.0 0.0
1947 122 13 0.0167347 -15 0.0 0.0
1948 123 13 0.0167347 -15 0.0 0.0
1949 124 13 0.0167347 -15 0.0 0.0
1950 125 13 0.0167347 -15 0.0 0.0
1951 126 13 0.0167347 -15 0.0 0.0
1952 127 13 0.0167347 -15 0.0 0.0
1953 128 13 0.0167347 -15 0.0 0.0
1954 129 13 0.0167347 -15 0.0 0.0
1955 130 13 0.0167347 -15 0.0 0.0
1956 131 13 0.0167347 -15 0.0 0.0
1957 132 13 0.0167347 -15 0.0 0.0
1958 133 13 0.0167347 -15 0.0 0.0
1959 134 13 0.0167347 -15 0.0 0.0
1960 135 13 0.0167347 -15 0.0 0.0
1961 136 13 0.0167347 -15 0.0 0.0
1962 137 13 0.0167347 -15 0.0 0.0
1963 138 13 0.0167347 -15 0.0 0.0
1964 139 13 0.0167347 -15 0.0 0.0
1965 140 13 0.0167347 -15 0.0 0.0
1966 141 13 0.0167347 -15 0.0 0.0
1967 142 13 0.0167347 -15 0.0 0.0
1968 143 13 0.0167347 -15 0.0 0.0
1969 144 13 0.0167347 -15 0.0 0.0
1970 145 13 0.0167347 -15 0.0 0.0
1971 146 13 0.0167347 -15 0.0 0.0
1972 147 13 0.0167347 -15 0.0 0.0
1973 148 13 0.0167347 -15 0.0 0.0
1974 149 13 0.0167347 -15 0.0 0.0
1975 150 13 0.0167347 -15 0.0 0.0
1976 151 13 0.0167347 -15 0.0 0.0
1977 152 13 0.0167347 -15 0.0 0.0
1978 153 13 0.0167347 -15 0.0 0.0
1979 154 13 0.0167347 -15 0.0 0.0
1980 155 13 0.0167347 -15 0.0 0.0
1981 156 13 0.0167347 -15 0.0 0.0
1982 157 13 0.0167347 -15 0.0 0.0
1983 158 13 0.0167347 -15 0.0 0.0
1984 159 13 0.0167347 -15 0.0 0.0
1985 160 13 0.0167347 -15 0.0 0.0
1986 161 13 0.0167347 -15 0.0 0.0
1987 162 13 0.0167347 -15 0.0 0.0
1988 163 13 0.0167347 -15 0.0 0.0
1989 164 13 0.0167347 -15 0.0 0.0
1990 165 13 0.0167347 -15 0.0 0.0
1991 166 13 0.0167347 -15 0.0 0.0
1992 167 13 0.0167347 -15 0.0 0.0
1993 168 13 0.0167347 -15 0.0 0.0
1994 169 13 0.0167347 -15 0.0 0.0
1995 170 13 0.0167347 -15 0.0 0.0
1996 171 13 0.0167347 -15 0.0 0.0
1997 172 13 0.0167347 -15 0.0 0.0
1998 173 13 0.0167347 -15 0.0 0.0
1999 174 13 0.0167347 -15 0.0 0.0
2000 175 13 0.0167347 -15 0.0 0.0
2001 176 13 0.0167347 -15 0.0 0.0
2002 177 13 0.0167347 -15 0.0 0.0
2003 178 13 0.0167347 -15 0.0 0.0
2004 179 13 0.0167347 -15 0.0 0.0
2005 180 13 0.0167347 -15 0.0 0.0
2006 181 13 0.0167347 -15 0.0 0.0
2007 182 13 0.0167347 -15 0.0 0.0
2008 183 13 0.0167347 -15 0.0 0.0
2009 184 13 0.0167347 -15 0.0 0.0
2010 185 13 0.0167347 -15 0.0 0.0
2011 186 13 0.0167347 -15 0.0 0.0
2012 187 13 0.0167347 -15 0.0 0.0
2013 188 13 0.0167347 -15 0.0 0.0
2014 189 13 0.0167347 -15 0.0 0.0
2015 190 13 0.0167347 -15 0.0 0.0
2016 191 13 0.0167347 -15 0.0 0.0
2017 192 13 0.0167347 -15 0.0 0.0
2018 193 13 0.0167347 -15 0.0 0.0
2019 194 13 0.0167347 -15 0.0 0.0
2020 195 13 0.0167347 -15 0.0 0.0
2021 196 13 0.0167347 -15 0.0 0.0
2022 197 13 0.0167347 -15 0.0 0.0
2023 198 13 0.0167347 -15 0.0 0.0
2024 199 13 0.0167347 -15 0.0 0.0
2025 200 13 0.0167347 -15 0.0 0.0
2026 201 13 0.0167347 -15 0.0 0.0
2027 202 13 0.0167347 -15 0.0 0.0
2028 203 13 0.0167347 -15 0.0 0.0
2029 204 13 0.0167347 -15 0.0 0.0
2030 205 13 0.0167347 -15 0.0 0.0
2031 206 13 0.0167347 -15 0.0 0.0
2032 207 13 0.0167347 -15 0.0 0.0
2033 208 13 0.0167347 -15 0.0 0.0
2034 209 13 0.0167347 -15 0.0 0.0
2035 210 13 0.0167347 -15 0.0 0.0
2036 211 13 0.0167347 -15 0.0 0.0
2037 212 13 0.0167347 -15 0.0 0.0
2038 213 13 0.0167347 -15 0.0 0.0
2039 214 13 0.0167347 -15 0.0 0.0
2040 215 13 0.0167347 -15 0.0 0.0
2041 216 13 0.0167347 -15 0.0 0.0
2042 217 13 0.0167347 -15 0.0 0.0
2043 218 13 0.0167347 -15 0.0 0.0
2044 219 13 0.0167347 -15 0.0 0.0
2045 220 13 0.0167347 -15 0.0 0.0
2046 221 13 0.0167347 -15 0.0 0.0
2047 222 13 0.0167347 -15 0.0 0.0
2048 223 13 0.0167347 -15 0.0 0.0
2049 224 13 0.0167347 -15 0.0 0.0
2050 225 13 0.0167347 -15 0.0 0.0
2051 226 13 0.0167347 -15 0.0 0.0
2052 227 13 0.0167347 -15 0.0 0.0
2053 228 13 0.0167347 -15 0.0 0.0
2054 229 13 0.0167347 -15 0.0 0.0
2055 230 13 0.0167347 -15 0.0 0.0
2056 231 13 0.0167347 -15 0.0 0.0
2057 232 13 0.0167347 -15 0.0 0.0
2058 233 13 0.0167347 -15 0.0 0.0
2059 234 13 0.0167347 -15 0.0 0.0
2060 235 13 0.0167347 -15 0.0 0.0
2061 236 13 0.0167347 -15 0.0 0.0
2062 237 13 0.0167347 -15 0.0 0.0
2063 238 13 0.0167347 -15 0.0 0.0
2064 239 13 0.0167347 -15 0.0 0.0
2065 240 13 0.0167347 -15 0.0 0.0
2066 241 13 0.0167347 -15 0.0 0.0
2067 242 13 0.0167347 -15 0.0 0.0
2068 243 13 0.0167347 -15 0.0 0.0
2069 244 13 0.0167347 -15 0.0 0.0
2070 245 13 0.0167347 -15 0.0 0.0
2071 246 13 0.0167347 -15 0.0 0.0
2072 247 13 0.0167347 -15 0.0 0.0
2073 248 13 0.0167347 -15 0.0 0.0
2074 249 13 0.0167347 -15 0.0 0.0
2075 250 13 0.0167347 -15 0.0 0.0
2076 251 13 0.0167347 -15 0.0 0.0
2077 252 13 0.0167347 -15 0.0 0.0
2078 253 13 0.0167347 -15 0.0 0.0
2079 254 13 0.0167347 -15 0.0 0.0
2080 255 13 0.0167347 -15 0.0 0.0
2081 256 13 0.0167347 -15 0.0 0.0
2082 257 13 0.0167347 -15 0.0 0.0
2083 258 13 0.0167347 -15 0.0 0.0
2084 259 13 0.0167347 -15 0.0 0.0
2085 260 13 0.0167347 -15 0.0 0.0
2086 261 13 0.0167347 -15 0.0 0.0
2087 262 13 0.0167347 -15 0.0 0.0
2088 263 13 0.0167347 -15 0.0 0.0
2089 264 13 0.0167347 -15 0.0 0.0
2090 265 13 0.0167347 -15 0.0 0.0
2091 266 13 0.0167347 -15 0.0 0.0
2092 267 13 0.0167347 -15 0.0 0.0
2093 268 13 0.0167347 -15 0.0 0.0
2094 269 13 0.0167347 -15 0.0 0.0
2095 270 13 0.0167347 -15 0.0 0.0
2096 271 13 0.0167347 -15 0.0 0.0
2097 272 13 0.0167347 -15 0.0 0.0
2098 273 13 0.0167347 -15 0.0 0.0
2099 274 13 0.0167347 -15 0.0 0.0
2100 275 13 0.0167347 -15 0.0 0.0
2101 276 13 0.0167347 -15 0.0 0.0
2102 277 13 0.0167347 -15 0.0 0.0
2103 278 13 0.0167347 -15 0.0 0.0
2104 279 13 0.0167347 -15 0.0 0.0
2105 280 13 0.0167347 -15 0.0 0.0
2106 281 13 0.0167347 -15 0.0 0.0
2107 282 13 0.0167347 -15 0.0 0.0
2108 283 13 0.0167347 -15 0.0 0.0
2109 284 13 0.0167347 -15 0.0 0.0
2110 285 13 0.0167347 -15 0.0 0.0
2111 286 13 0.0167347 -15 0.0 0.0
2112 287 13 0.0167347 -15 0.0 0.0
2113 288 13 0.0167347 -15 0.0 0.0
2114 289 13 0.0167347 -15 0.0 0.0
2115 290 13 0.0167347 -15 0.0 0.0
2116 291 13 0.0167347 -15 0.0 0.0
2117 292 13 0.0167347 -15 0.0 0.0
2118 293 13 0.0167347 -15 0.0 0.0
2119 294 13 0.0167347 -15 0.0 0.0
2120 295 13 0.0167347 -15 0.0 0.0
2121 296 13 0.0167347 -15 0.0 0.0
2122 297 13 0.0167347 -15 0.0 0.0
2123 298 13 0.0167347 -15 0.0 0.0
2124 299 13 0.0167347 -15 0.0 0.0
2125 300 13 0.0167347 -15 0.0 0.0
2126 301 13 0.0167347 -15 0.0 0.0
2127 302 13 0.0167347 -15 0.0 0.0
2128 303 13 0.0167347 -15 0.0 0.0
2129 304 13 0.0167347 -15 0.0 0.0
2130 305 13 0.0167347 -15 0.0 0.0
2131 306 13 0.0167347 -15 0.0 0.0
2132 307 13 0.0167347 -15 0.0 0.0
2133 308 13 0.0167347 -15 0.0 0.0
2134 309 13 0.0167347 -15 0.0 0.0
2135 310 13 0.0167347 -15 0.0 0.0
2136 311 13 0.0167347 -15 0.0 0.0
2137 312 13 0.0167347 -15 0.0 0.0
2138 313 13 0.0167347 -15 0.0 0.0
2139 314 13 0.0167347 -15 0.0 0.0
2140 315 13 0.0167347 -15 0.0 0.0
2141 316 13 0.0167347 -15 0.0 0.0
2142 317 13 0.0167347 -15 0.0 0.0
2143 318 13 0.0167347 -15 0.0 0.0
2144 319 13 0.0167347 -15 0.0 0.0
2145 320 13 0.0167347 -15 0.0 0.0
2146 321 13 0.0167347 -15 0.0 0.0
2147 322 13 0.0167347 -15 0.0 0.0
2148 323 13 0.0167347 -15 0.0 0.0
2149 324 13 0.0167347 -15 0.0 0.0
2150 325 13 0.0167347 -15 0.0 0.0
2151 326 13 0.0167347 -15 0.0 0.0
2152 327 13 0.0167347 -15 0.0 0.0
2153 328 13 0.0167347 -15 0.0 0.0
2154 329 13 0.0167347 -15 0.0 0.0
2155 330 13 0.0167347 -15 0.0 0.0
2156 331 13 0.0167347 -15 0.0 0.0
2157 332 13 0.0167347 -15 0.0 0.0
2158 333 13 0.0167347 -15 0.0 0.0
2159 334 13 0.0167347 -15 0.0 0.0
2160 335 13 0.0167347 -15 0.0 0.0
2161 336 0 0 0 0.0 0.0
2162 337 0 0 0 0.0 0.0
2163 338 0 0 0 0.0 0.0
2164 339 0 0 0 0.0 0.0
2165 340 0 0 0 0.0 0.0
2166 341 0 0 0 0.0 0.0
2167 342 0 0 0 0.0 0.0
2168 343 0 0 0 0.0 0.0
2169 344 0 0 0 0.0 0.0
2170 345 0 0 0 0.0 0.0
2171 346 0 0 0 0.0 0.0
2172 347 0 0 0 0.0 0.0
2173 348 0 0 0 0.0 0.0
2174 349 0 0 0 0.0 0.0
2175 350 0 0 0 0.0 0.0
2176 351 0 0 0 0.0 0.0
2177 352 0 0 0 0.0 0.0
2178 353 0 0 0 0.0 0.0
2179 354 0 0 0 0.0 0.0
2180 355 0 0 0 0.0 0.0
2181 356 0 0 0 0.0 0.0
2182 357 0 0 0 0.0 0.0
2183 358 0 0 0 0.0 0.0
2184 359 0 0 0 0.0 0.0
2185 360 0 0 0 0.0 0.0
2186 361 0 0 0 0.0 0.0
2187 362 0 0 0 0.0 0.0
2188 363 0 0 0 0.0 0.0
2189 364 0 0 0 0.0 0.0
2190 365 0 0 0 0.0 0.0
Starting new year: 2016
2191 1 0 0 0 0.0 0.0
2192 2 0 0 0 0.0 0.0
2193 3 0 0 0 0.0 0.0
2194 4 0 0 0 0.0 0.0
2195 5 0 0 0 0.0 0.0
2196 6 0 0 0 0.0 0.0
2197 7 0 0 0 0.0 0.0
2198 8 0 0 0 0.0 0.0
2199 9 0 0 0 0.0 0.0
2200 10 0 0 0 0.0 0.0
2201 11 0 0 0 0.0 0.0
2202 12 0 0 0 0.0 0.0
2203 13 0 0 0 0.0 0.0
2204 14 0 0 0 0.0 0.0
2205 15 0 0 0 0.0 0.0
2206 16 0 0 0 0.0 0.0
2207 17 0 0 0 0.0 0.0
2208 18 0 0 0 0.0 0.0
2209 19 0 0 0 0.0 0.0
2210 20 0 0 0 0.0 0.0
2211 21 0 0 0 0.0 0.0
2212 22 0 0 0 0.0 0.0
2213 23 0 0 0 0.0 0.0
2214 24 0 0 0 0.0 0.0
2215 25 0 0 0 0.0 0.0
2216 26 0 0 0 0.0 0.0
2217 27 0 0 0 0.0 0.0
2218 28 0 0 0 0.0 0.0
2219 29 0 0 0 0.0 0.0
2220 30 0 0 0 0.0 0.0
2221 31 0 0 0 0.0 0.0
2222 32 0 0 0 0.0 0.0
2223 33 0 0 0 0.0 0.0
2224 34 0 0 0 0.0 0.0
2225 35 0 0 0 0.0 0.0
2226 36 0 0 0 0.0 0.0
2227 37 0 0 0 0.0 0.0
2228 38 0 0 0 0.0 0.0
2229 39 0 0 0 0.0 0.0
2230 40 0 0 0 0.0 0.0
2231 41 0 0 0 0.0 0.0
2232 42 0 0 0 0.0 0.0
2233 43 0 0 0 0.0 0.0
2234 44 0 0 0 0.0 0.0
2235 45 0 0 0 0.0 0.0
2236 46 0 0 0 0.0 0.0
2237 47 0 0 0 0.0 0.0
2238 48 0 0 0 0.0 0.0
2239 49 0 0 0 0.0 0.0
2240 50 0 0 0 0.0 0.0
2241 51 0 0 0 0.0 0.0
2242 52 0 0 0 0.0 0.0
2243 53 0 0 0 0.0 0.0
2244 54 0 0 0 0.0 0.0
2245 55 0 0 0 0.0 0.0
2246 56 0 0 0 0.0 0.0
2247 57 0 0 0 0.0 0.0
2248 58 0 0 0 0.0 0.0
2249 59 0 0 0 0.0 0.0
2250 60 0 0 0 0.0 0.0
2251 61 0 0 0 0.0 0.0
2252 62 0 0 0 0.0 0.0
2253 63 0 0 0 0.0 0.0
2254 64 0 0 0 0.0 0.0
2255 65 0 0 0 0.0 0.0
2256 66 0 0 0 0.0 0.0
2257 67 0 0 0 0.0 0.0
2258 68 0 0 0 0.0 0.0
2259 69 0 0 0 0.0 0.0
2260 70 0 0 0 0.0 0.0
2261 71 0 0 0 0.0 0.0
2262 72 0 0 0 0.0 0.0
2263 73 0 0 0 0.0 0.0
2264 74 0 0 0 0.0 0.0
2265 75 0 0 0 0.0 0.0
2266 76 0 0 0 0.0 0.0
2267 77 0 0 0 0.0 0.0
2268 78 0 0 0 0.0 0.0
2269 79 0 0 0 0.0 0.0
2270 80 0 0 0 0.0 0.0
2271 81 0 0 0 0.0 0.0
2272 82 0 0 0 0.0 0.0
2273 83 0 0 0 0.0 0.0
2274 84 0 0 0 0.0 0.0
2275 85 0 0 0 0.0 0.0
2276 86 0 0 0 0.0 0.0
2277 87 0 0 0 0.0 0.0
2278 88 0 0 0 0.0 0.0
2279 89 0 0 0 0.0 0.0
2280 90 0 0 0 0.0 0.0
2281 91 13 0.16898 -15 0.0 0.0
2282 92 13 0.16898 -15 0.0 0.0
2283 93 13 0.16898 -15 0.0 0.0
2284 94 13 0.16898 -15 0.0 0.0
2285 95 13 0.16898 -15 0.0 0.0
2286 96 13 0.16898 -15 0.0 0.0
2287 97 13 0.16898 -15 0.0 0.0
2288 98 13 0.16898 -15 0.0 0.0
2289 99 13 0.16898 -15 0.0 0.0
2290 100 13 0.16898 -15 0.0 0.0
2291 101 13 0.16898 -15 0.0 0.0
2292 102 13 0.16898 -15 0.0 0.0
2293 103 13 0.16898 -15 0.0 0.0
2294 104 13 0.16898 -15 0.0 0.0
2295 105 13 0.16898 -15 0.0 0.0
2296 106 13 0.16898 -15 0.0 0.0
2297 107 13 0.16898 -15 0.0 0.0
2298 108 13 0.16898 -15 0.0 0.0
2299 109 13 0.16898 -15 0.0 0.0
2300 110 13 0.16898 -15 0.0 0.0
2301 111 13 0.16898 -15 0.0 0.0
2302 112 13 0.16898 -15 0.0 0.0
2303 113 13 0.16898 -15 0.0 0.0
2304 114 13 0.16898 -15 0.0 0.0
2305 115 13 0.16898 -15 0.0 0.0
2306 116 13 0.16898 -15 0.0 0.0
2307 117 13 0.16898 -15 0.0 0.0
2308 118 13 0.16898 -15 0.0 0.0
2309 119 13 0.16898 -15 0.0 0.0
2310 120 13 0.16898 -15 0.0 0.0
2311 121 13 0.16898 -15 0.0 0.0
2312 122 13 0.16898 -15 0.0 0.0
2313 123 13 0.16898 -15 0.0 0.0
2314 124 13 0.16898 -15 0.0 0.0
2315 125 13 0.16898 -15 0.0 0.0
2316 126 13 0.16898 -15 0.0 0.0
2317 127 13 0.16898 -15 0.0 0.0
2318 128 13 0.16898 -15 0.0 0.0
2319 129 13 0.16898 -15 0.0 0.0
2320 130 13 0.16898 -15 0.0 0.0
2321 131 13 0.16898 -15 0.0 0.0
2322 132 13 0.16898 -15 0.0 0.0
2323 133 13 0.16898 -15 0.0 0.0
2324 134 13 0.16898 -15 0.0 0.0
2325 135 13 0.16898 -15 0.0 0.0
2326 136 13 0.16898 -15 0.0 0.0
2327 137 13 0.16898 -15 0.0 0.0
2328 138 13 0.16898 -15 0.0 0.0
2329 139 13 0.16898 -15 0.0 0.0
2330 140 13 0.16898 -15 0.0 0.0
2331 141 13 0.16898 -15 0.0 0.0
2332 142 13 0.16898 -15 0.0 0.0
2333 143 13 0.16898 -15 0.0 0.0
2334 144 13 0.16898 -15 0.0 0.0
2335 145 13 0.16898 -15 0.0 0.0
2336 146 13 0.16898 -15 0.0 0.0
2337 147 13 0.16898 -15 0.0 0.0
2338 148 13 0.16898 -15 0.0 0.0
2339 149 13 0.16898 -15 0.0 0.0
2340 150 13 0.16898 -15 0.0 0.0
2341 151 13 0.16898 -15 0.0 0.0
2342 152 13 0.16898 -15 0.0 0.0
2343 153 13 0.16898 -15 0.0 0.0
2344 154 13 0.16898 -15 0.0 0.0
2345 155 13 0.16898 -15 0.0 0.0
2346 156 13 0.16898 -15 0.0 0.0
2347 157 13 0.16898 -15 0.0 0.0
2348 158 13 0.16898 -15 0.0 0.0
2349 159 13 0.16898 -15 0.0 0.0
2350 160 13 0.16898 -15 0.0 0.0
2351 161 13 0.16898 -15 0.0 0.0
2352 162 13 0.16898 -15 0.0 0.0
2353 163 13 0.16898 -15 0.0 0.0
2354 164 13 0.16898 -15 0.0 0.0
2355 165 13 0.16898 -15 0.0 0.0
2356 166 13 0.16898 -15 0.0 0.0
2357 167 13 0.16898 -15 0.0 0.0
2358 168 13 0.16898 -15 0.0 0.0
2359 169 13 0.16898 -15 0.0 0.0
2360 170 13 0.16898 -15 0.0 0.0
2361 171 13 0.16898 -15 0.0 0.0
2362 172 13 0.16898 -15 0.0 0.0
2363 173 13 0.16898 -15 0.0 0.0
2364 174 13 0.16898 -15 0.0 0.0
2365 175 13 0.16898 -15 0.0 0.0
2366 176 13 0.16898 -15 0.0 0.0
2367 177 13 0.16898 -15 0.0 0.0
2368 178 13 0.16898 -15 0.0 0.0
2369 179 13 0.16898 -15 0.0 0.0
2370 180 13 0.16898 -15 0.0 0.0
2371 181 13 0.16898 -15 0.0 0.0
2372 182 13 0.16898 -15 0.0 0.0
2373 183 13 0.16898 -15 0.0 0.0
2374 184 13 0.16898 -15 0.0 0.0
2375 185 13 0.16898 -15 0.0 0.0
2376 186 13 0.16898 -15 0.0 0.0
2377 187 13 0.16898 -15 0.0 0.0
2378 188 13 0.16898 -15 0.0 0.0
2379 189 13 0.16898 -15 0.0 0.0
2380 190 13 0.16898 -15 0.0 0.0
2381 191 13 0.16898 -15 0.0 0.0
2382 192 13 0.16898 -15 0.0 0.0
2383 193 13 0.16898 -15 0.0 0.0
2384 194 13 0.16898 -15 0.0 0.0
2385 195 13 0.16898 -15 0.0 0.0
2386 196 13 0.16898 -15 0.0 0.0
2387 197 13 0.16898 -15 0.0 0.0
2388 198 13 0.16898 -15 0.0 0.0
2389 199 13 0.16898 -15 0.0 0.0
2390 200 13 0.16898 -15 0.0 0.0
2391 201 13 0.16898 -15 0.0 0.0
2392 202 13 0.16898 -15 0.0 0.0
2393 203 13 0.16898 -15 0.0 0.0
2394 204 13 0.16898 -15 0.0 0.0
2395 205 13 0.16898 -15 0.0 0.0
2396 206 13 0.16898 -15 0.0 0.0
2397 207 13 0.16898 -15 0.0 0.0
2398 208 13 0.16898 -15 0.0 0.0
2399 209 13 0.16898 -15 0.0 0.0
2400 210 13 0.16898 -15 0.0 0.0
2401 211 13 0.16898 -15 0.0 0.0
2402 212 13 0.16898 -15 0.0 0.0
2403 213 13 0.16898 -15 0.0 0.0
2404 214 13 0.16898 -15 0.0 0.0
2405 215 13 0.16898 -15 0.0 0.0
2406 216 13 0.16898 -15 0.0 0.0
2407 217 13 0.16898 -15 0.0 0.0
2408 218 13 0.16898 -15 0.0 0.0
2409 219 13 0.16898 -15 0.0 0.0
2410 220 13 0.16898 -15 0.0 0.0
2411 221 13 0.16898 -15 0.0 0.0
2412 222 13 0.16898 -15 0.0 0.0
2413 223 13 0.16898 -15 0.0 0.0
2414 224 13 0.16898 -15 0.0 0.0
2415 225 13 0.16898 -15 0.0 0.0
2416 226 13 0.16898 -15 0.0 0.0
2417 227 13 0.16898 -15 0.0 0.0
2418 228 13 0.16898 -15 0.0 0.0
2419 229 13 0.16898 -15 0.0 0.0
2420 230 13 0.16898 -15 0.0 0.0
2421 231 13 0.16898 -15 0.0 0.0
2422 232 13 0.16898 -15 0.0 0.0
2423 233 13 0.16898 -15 0.0 0.0
2424 234 13 0.16898 -15 0.0 0.0
2425 235 13 0.16898 -15 0.0 0.0
2426 236 13 0.16898 -15 0.0 0.0
2427 237 13 0.16898 -15 0.0 0.0
2428 238 13 0.16898 -15 0.0 0.0
2429 239 13 0.16898 -15 0.0 0.0
2430 240 13 0.16898 -15 0.0 0.0
2431 241 13 0.16898 -15 0.0 0.0
2432 242 13 0.16898 -15 0.0 0.0
2433 243 13 0.16898 -15 0.0 0.0
2434 244 13 0.16898 -15 0.0 0.0
2435 245 13 0.16898 -15 0.0 0.0
2436 246 13 0.16898 -15 0.0 0.0
2437 247 13 0.16898 -15 0.0 0.0
2438 248 13 0.16898 -15 0.0 0.0
2439 249 13 0.16898 -15 0.0 0.0
2440 250 13 0.16898 -15 0.0 0.0
2441 251 13 0.16898 -15 0.0 0.0
2442 252 13 0.16898 -15 0.0 0.0
2443 253 13 0.16898 -15 0.0 0.0
2444 254 13 0.16898 -15 0.0 0.0
2445 255 13 0.16898 -15 0.0 0.0
2446 256 13 0.16898 -15 0.0 0.0
2447 257 13 0.16898 -15 0.0 0.0
2448 258 13 0.16898 -15 0.0 0.0
2449 259 13 0.16898 -15 0.0 0.0
2450 260 13 0.16898 -15 0.0 0.0
2451 261 13 0.16898 -15 0.0 0.0
2452 262 13 0.16898 -15 0.0 0.0
2453 263 13 0.16898 -15 0.0 0.0
2454 264 13 0.16898 -15 0.0 0.0
2455 265 13 0.16898 -15 0.0 0.0
2456 266 13 0.16898 -15 0.0 0.0
2457 267 13 0.16898 -15 0.0 0.0
2458 268 13 0.16898 -15 0.0 0.0
2459 269 13 0.16898 -15 0.0 0.0
2460 270 13 0.16898 -15 0.0 0.0
2461 271 13 0.16898 -15 0.0 0.0
2462 272 13 0.16898 -15 0.0 0.0
2463 273 13 0.16898 -15 0.0 0.0
2464 274 13 0.16898 -15 0.0 0.0
2465 275 13 0.16898 -15 0.0 0.0
2466 276 13 0.16898 -15 0.0 0.0
2467 277 13 0.16898 -15 0.0 0.0
2468 278 13 0.16898 -15 0.0 0.0
2469 279 13 0.16898 -15 0.0 0.0
2470 280 13 0.16898 -15 0.0 0.0
2471 281 13 0.16898 -15 0.0 0.0
2472 282 13 0.16898 -15 0.0 0.0
2473 283 13 0.16898 -15 0.0 0.0
2474 284 13 0.16898 -15 0.0 0.0
2475 285 13 0.16898 -15 0.0 0.0
2476 286 13 0.16898 -15 0.0 0.0
2477 287 13 0.16898 -15 0.0 0.0
2478 288 13 0.16898 -15 0.0 0.0
2479 289 13 0.16898 -15 0.0 0.0
2480 290 13 0.16898 -15 0.0 0.0
2481 291 13 0.16898 -15 0.0 0.0
2482 292 13 0.16898 -15 0.0 0.0
2483 293 13 0.16898 -15 0.0 0.0
2484 294 13 0.16898 -15 0.0 0.0
2485 295 13 0.16898 -15 0.0 0.0
2486 296 13 0.16898 -15 0.0 0.0
2487 297 13 0.16898 -15 0.0 0.0
2488 298 13 0.16898 -15 0.0 0.0
2489 299 13 0.16898 -15 0.0 0.0
2490 300 13 0.16898 -15 0.0 0.0
2491 301 13 0.16898 -15 0.0 0.0
2492 302 13 0.16898 -15 0.0 0.0
2493 303 13 0.16898 -15 0.0 0.0
2494 304 13 0.16898 -15 0.0 0.0
2495 305 13 0.16898 -15 0.0 0.0
2496 306 13 0.16898 -15 0.0 0.0
2497 307 13 0.16898 -15 0.0 0.0
2498 308 13 0.16898 -15 0.0 0.0
2499 309 13 0.16898 -15 0.0 0.0
2500 310 13 0.16898 -15 0.0 0.0
2501 311 13 0.16898 -15 0.0 0.0
2502 312 13 0.16898 -15 0.0 0.0
2503 313 13 0.16898 -15 0.0 0.0
2504 314 13 0.16898 -15 0.0 0.0
2505 315 13 0.16898 -15 0.0 0.0
2506 316 13 0.16898 -15 0.0 0.0
2507 317 13 0.16898 -15 0.0 0.0
2508 318 13 0.16898 -15 0.0 0.0
2509 319 13 0.16898 -15 0.0 0.0
2510 320 13 0.16898 -15 0.0 0.0
2511 321 13 0.16898 -15 0.0 0.0
2512 322 13 0.16898 -15 0.0 0.0
2513 323 13 0.16898 -15 0.0 0.0
2514 324 13 0.16898 -15 0.0 0.0
2515 325 13 0.16898 -15 0.0 0.0
2516 326 13 0.16898 -15 0.0 0.0
2517 327 13 0.16898 -15 0.0 0.0
2518 328 13 0.16898 -15 0.0 0.0
2519 329 13 0.16898 -15 0.0 0.0
2520 330 13 0.16898 -15 0.0 0.0
2521 331 13 0.16898 -15 0.0 0.0
2522 332 13 0.16898 -15 0.0 0.0
2523 333 13 0.16898 -15 0.0 0.0
2524 334 13 0.16898 -15 0.0 0.0
2525 335 13 0.16898 -15 0.0 0.0
2526 336 0 0 0 0.0 0.0
2527 337 0 0 0 0.0 0.0
2528 338 0 0 0 0.0 0.0
2529 339 0 0 0 0.0 0.0
2530 340 0 0 0 0.0 0.0
2531 341 0 0 0 0.0 0.0
2532 342 0 0 0 0.0 0.0
2533 343 0 0 0 0.0 0.0
2534 344 0 0 0 0.0 0.0
2535 345 0 0 0 0.0 0.0
2536 346 0 0 0 0.0 0.0
2537 347 0 0 0 0.0 0.0
2538 348 0 0 0 0.0 0.0
2539 349 0 0 0 0.0 0.0
2540 350 0 0 0 0.0 0.0
2541 351 0 0 0 0.0 0.0
2542 352 0 0 0 0.0 0.0
2543 353 0 0 0 0.0 0.0
2544 354 0 0 0 0.0 0.0
2545 355 0 0 0 0.0 0.0
2546 356 0 0 0 0.0 0.0
2547 357 0 0 0 0.0 0.0
2548 358 0 0 0 0.0 0.0
2549 359 0 0 0 0.0 0.0
2550 360 0 0 0 0.0 0.0
2551 361 0 0 0 0.0 0.0
2552 362 0 0 0 0.0 0.0
2553 363 0 0 0 0.0 0.0
2554 364 0 0 0 0.0 0.0
2555 365 0 0 0 0.0 0.0
Starting new year: 2017
2556 1 0 0 0 0.0 0.0
2557 2 0 0 0 0.0 0.0
2558 3 0 0 0 0.0 0.0
2559 4 0 0 0 0.0 0.0
2560 5 0 0 0 0.0 0.0
2561 6 0 0 0 0.0 0.0
2562 7 0 0 0 0.0 0.0
2563 8 0 0 0 0.0 0.0
2564 9 0 0 0 0.0 0.0
2565 10 0 0 0 0.0 0.0
2566 11 0 0 0 0.0 0.0
2567 12 0 0 0 0.0 0.0
2568 13 0 0 0 0.0 0.0
2569 14 0 0 0 0.0 0.0
2570 15 0 0 0 0.0 0.0
2571 16 0 0 0 0.0 0.0
2572 17 0 0 0 0.0 0.0
2573 18 0 0 0 0.0 0.0
2574 19 0 0 0 0.0 0.0
2575 20 0 0 0 0.0 0.0
2576 21 0 0 0 0.0 0.0
2577 22 0 0 0 0.0 0.0
2578 23 0 0 0 0.0 0.0
2579 24 0 0 0 0.0 0.0
2580 25 0 0 0 0.0 0.0
2581 26 0 0 0 0.0 0.0
2582 27 0 0 0 0.0 0.0
2583 28 0 0 0 0.0 0.0
2584 29 0 0 0 0.0 0.0
2585 30 0 0 0 0.0 0.0
2586 31 0 0 0 0.0 0.0
2587 32 0 0 0 0.0 0.0
2588 33 0 0 0 0.0 0.0
2589 34 0 0 0 0.0 0.0
2590 35 0 0 0 0.0 0.0
2591 36 0 0 0 0.0 0.0
2592 37 0 0 0 0.0 0.0
2593 38 0 0 0 0.0 0.0
2594 39 0 0 0 0.0 0.0
2595 40 0 0 0 0.0 0.0
2596 41 0 0 0 0.0 0.0
2597 42 0 0 0 0.0 0.0
2598 43 0 0 0 0.0 0.0
2599 44 0 0 0 0.0 0.0
2600 45 0 0 0 0.0 0.0
2601 46 0 0 0 0.0 0.0
2602 47 0 0 0 0.0 0.0
2603 48 0 0 0 0.0 0.0
2604 49 0 0 0 0.0 0.0
2605 50 0 0 0 0.0 0.0
2606 51 0 0 0 0.0 0.0
2607 52 0 0 0 0.0 0.0
2608 53 0 0 0 0.0 0.0
2609 54 0 0 0 0.0 0.0
2610 55 0 0 0 0.0 0.0
2611 56 0 0 0 0.0 0.0
2612 57 0 0 0 0.0 0.0
2613 58 0 0 0 0.0 0.0
2614 59 0 0 0 0.0 0.0
2615 60 0 0 0 0.0 0.0
2616 61 0 0 0 0.0 0.0
2617 62 0 0 0 0.0 0.0
2618 63 0 0 0 0.0 0.0
2619 64 0 0 0 0.0 0.0
2620 65 0 0 0 0.0 0.0
2621 66 0 0 0 0.0 0.0
2622 67 0 0 0 0.0 0.0
2623 68 0 0 0 0.0 0.0
2624 69 0 0 0 0.0 0.0
2625 70 0 0 0 0.0 0.0
2626 71 0 0 0 0.0 0.0
2627 72 0 0 0 0.0 0.0
2628 73 0 0 0 0.0 0.0
2629 74 0 0 0 0.0 0.0
2630 75 0 0 0 0.0 0.0
2631 76 0 0 0 0.0 0.0
2632 77 0 0 0 0.0 0.0
2633 78 0 0 0 0.0 0.0
2634 79 0 0 0 0.0 0.0
2635 80 0 0 0 0.0 0.0
2636 81 0 0 0 0.0 0.0
2637 82 0 0 0 0.0 0.0
2638 83 0 0 0 0.0 0.0
2639 84 0 0 0 0.0 0.0
2640 85 0 0 0 0.0 0.0
2641 86 0 0 0 0.0 0.0
2642 87 0 0 0 0.0 0.0
2643 88 0 0 0 0.0 0.0
2644 89 0 0 0 0.0 0.0
2645 90 0 0 0 0.0 0.0
2646 91 13 0.21102 -15 0.0 0.0
2647 92 13 0.21102 -15 0.0 0.0
2648 93 13 0.21102 -15 0.0 0.0
2649 94 13 0.21102 -15 0.0 0.0
2650 95 13 0.21102 -15 0.0 0.0
2651 96 13 0.21102 -15 0.0 0.0
2652 97 13 0.21102 -15 0.0 0.0
2653 98 13 0.21102 -15 0.0 0.0
2654 99 13 0.21102 -15 0.0 0.0
2655 100 13 0.21102 -15 0.0 0.0
2656 101 13 0.21102 -15 0.0 0.0
2657 102 13 0.21102 -15 0.0 0.0
2658 103 13 0.21102 -15 0.0 0.0
2659 104 13 0.21102 -15 0.0 0.0
2660 105 13 0.21102 -15 0.0 0.0
2661 106 13 0.21102 -15 0.0 0.0
2662 107 13 0.21102 -15 0.0 0.0
2663 108 13 0.21102 -15 0.0 0.0
2664 109 13 0.21102 -15 0.0 0.0
2665 110 13 0.21102 -15 0.0 0.0
2666 111 13 0.21102 -15 0.0 0.0
2667 112 13 0.21102 -15 0.0 0.0
2668 113 13 0.21102 -15 0.0 0.0
2669 114 13 0.21102 -15 0.0 0.0
2670 115 13 0.21102 -15 0.0 0.0
2671 116 13 0.21102 -15 0.0 0.0
2672 117 13 0.21102 -15 0.0 0.0
2673 118 13 0.21102 -15 0.0 0.0
2674 119 13 0.21102 -15 0.0 0.0
2675 120 13 0.21102 -15 0.0 0.0
2676 121 13 0.21102 -15 0.0 0.0
2677 122 13 0.21102 -15 0.0 0.0
2678 123 13 0.21102 -15 0.0 0.0
2679 124 13 0.21102 -15 0.0 0.0
2680 125 13 0.21102 -15 0.0 0.0
2681 126 13 0.21102 -15 0.0 0.0
2682 127 13 0.21102 -15 0.0 0.0
2683 128 13 0.21102 -15 0.0 0.0
2684 129 13 0.21102 -15 0.0 0.0
2685 130 13 0.21102 -15 0.0 0.0
2686 131 13 0.21102 -15 0.0 0.0
2687 132 13 0.21102 -15 0.0 0.0
2688 133 13 0.21102 -15 0.0 0.0
2689 134 13 0.21102 -15 0.0 0.0
2690 135 13 0.21102 -15 0.0 0.0
2691 136 13 0.21102 -15 0.0 0.0
2692 137 13 0.21102 -15 0.0 0.0
2693 138 13 0.21102 -15 0.0 0.0
2694 139 13 0.21102 -15 0.0 0.0
2695 140 13 0.21102 -15 0.0 0.0
2696 141 13 0.21102 -15 0.0 0.0
2697 142 13 0.21102 -15 0.0 0.0
2698 143 13 0.21102 -15 0.0 0.0
2699 144 13 0.21102 -15 0.0 0.0
2700 145 13 0.21102 -15 0.0 0.0
2701 146 13 0.21102 -15 0.0 0.0
2702 147 13 0.21102 -15 0.0 0.0
2703 148 13 0.21102 -15 0.0 0.0
2704 149 13 0.21102 -15 0.0 0.0
2705 150 13 0.21102 -15 0.0 0.0
2706 151 13 0.21102 -15 0.0 0.0
2707 152 13 0.21102 -15 0.0 0.0
2708 153 13 0.21102 -15 0.0 0.0
2709 154 13 0.21102 -15 0.0 0.0
2710 155 13 0.21102 -15 0.0 0.0
2711 156 13 0.21102 -15 0.0 0.0
2712 157 13 0.21102 -15 0.0 0.0
2713 158 13 0.21102 -15 0.0 0.0
2714 159 13 0.21102 -15 0.0 0.0
2715 160 13 0.21102 -15 0.0 0.0
2716 161 13 0.21102 -15 0.0 0.0
2717 162 13 0.21102 -15 0.0 0.0
2718 163 13 0.21102 -15 0.0 0.0
2719 164 13 0.21102 -15 0.0 0.0
2720 165 13 0.21102 -15 0.0 0.0
2721 166 13 0.21102 -15 0.0 0.0
2722 167 13 0.21102 -15 0.0 0.0
2723 168 13 0.21102 -15 0.0 0.0
2724 169 13 0.21102 -15 0.0 0.0
2725 170 13 0.21102 -15 0.0 0.0
2726 171 13 0.21102 -15 0.0 0.0
2727 172 13 0.21102 -15 0.0 0.0
2728 173 13 0.21102 -15 0.0 0.0
2729 174 13 0.21102 -15 0.0 0.0
2730 175 13 0.21102 -15 0.0 0.0
2731 176 13 0.21102 -15 0.0 0.0
2732 177 13 0.21102 -15 0.0 0.0
2733 178 13 0.21102 -15 0.0 0.0
2734 179 13 0.21102 -15 0.0 0.0
2735 180 13 0.21102 -15 0.0 0.0
2736 181 13 0.21102 -15 0.0 0.0
2737 182 13 0.21102 -15 0.0 0.0
2738 183 13 0.21102 -15 0.0 0.0
2739 184 13 0.21102 -15 0.0 0.0
2740 185 13 0.21102 -15 0.0 0.0
2741 186 13 0.21102 -15 0.0 0.0
2742 187 13 0.21102 -15 0.0 0.0
2743 188 13 0.21102 -15 0.0 0.0
2744 189 13 0.21102 -15 0.0 0.0
2745 190 13 0.21102 -15 0.0 0.0
2746 191 13 0.21102 -15 0.0 0.0
2747 192 13 0.21102 -15 0.0 0.0
2748 193 13 0.21102 -15 0.0 0.0
2749 194 13 0.21102 -15 0.0 0.0
2750 195 13 0.21102 -15 0.0 0.0
2751 196 13 0.21102 -15 0.0 0.0
2752 197 13 0.21102 -15 0.0 0.0
2753 198 13 0.21102 -15 0.0 0.0
2754 199 13 0.21102 -15 0.0 0.0
2755 200 13 0.21102 -15 0.0 0.0
2756 201 13 0.21102 -15 0.0 0.0
2757 202 13 0.21102 -15 0.0 0.0
2758 203 13 0.21102 -15 0.0 0.0
2759 204 13 0.21102 -15 0.0 0.0
2760 205 13 0.21102 -15 0.0 0.0
2761 206 13 0.21102 -15 0.0 0.0
2762 207 13 0.21102 -15 0.0 0.0
2763 208 13 0.21102 -15 0.0 0.0
2764 209 13 0.21102 -15 0.0 0.0
2765 210 13 0.21102 -15 0.0 0.0
2766 211 13 0.21102 -15 0.0 0.0
2767 212 13 0.21102 -15 0.0 0.0
2768 213 13 0.21102 -15 0.0 0.0
2769 214 13 0.21102 -15 0.0 0.0
2770 215 13 0.21102 -15 0.0 0.0
2771 216 13 0.21102 -15 0.0 0.0
2772 217 13 0.21102 -15 0.0 0.0
2773 218 13 0.21102 -15 0.0 0.0
2774 219 13 0.21102 -15 0.0 0.0
2775 220 13 0.21102 -15 0.0 0.0
2776 221 13 0.21102 -15 0.0 0.0
2777 222 13 0.21102 -15 0.0 0.0
2778 223 13 0.21102 -15 0.0 0.0
2779 224 13 0.21102 -15 0.0 0.0
2780 225 13 0.21102 -15 0.0 0.0
2781 226 13 0.21102 -15 0.0 0.0
2782 227 13 0.21102 -15 0.0 0.0
2783 228 13 0.21102 -15 0.0 0.0
2784 229 13 0.21102 -15 0.0 0.0
2785 230 13 0.21102 -15 0.0 0.0
2786 231 13 0.21102 -15 0.0 0.0
2787 232 13 0.21102 -15 0.0 0.0
2788 233 13 0.21102 -15 0.0 0.0
2789 234 13 0.21102 -15 0.0 0.0
2790 235 13 0.21102 -15 0.0 0.0
2791 236 13 0.21102 -15 0.0 0.0
2792 237 13 0.21102 -15 0.0 0.0
2793 238 13 0.21102 -15 0.0 0.0
2794 239 13 0.21102 -15 0.0 0.0
2795 240 13 0.21102 -15 0.0 0.0
2796 241 13 0.21102 -15 0.0 0.0
2797 242 13 0.21102 -15 0.0 0.0
2798 243 13 0.21102 -15 0.0 0.0
2799 244 13 0.21102 -15 0.0 0.0
2800 245 13 0.21102 -15 0.0 0.0
2801 246 13 0.21102 -15 0.0 0.0
2802 247 13 0.21102 -15 0.0 0.0
2803 248 13 0.21102 -15 0.0 0.0
2804 249 13 0.21102 -15 0.0 0.0
2805 250 13 0.21102 -15 0.0 0.0
2806 251 13 0.21102 -15 0.0 0.0
2807 252 13 0.21102 -15 0.0 0.0
2808 253 13 0.21102 -15 0.0 0.0
2809 254 13 0.21102 -15 0.0 0.0
2810 255 13 0.21102 -15 0.0 0.0
2811 256 13 0.21102 -15 0.0 0.0
2812 257 13 0.21102 -15 0.0 0.0
2813 258 13 0.21102 -15 0.0 0.0
2814 259 13 0.21102 -15 0.0 0.0
2815 260 13 0.21102 -15 0.0 0.0
2816 261 13 0.21102 -15 0.0 0.0
2817 262 13 0.21102 -15 0.0 0.0
2818 263 13 0.21102 -15 0.0 0.0
2819 264 13 0.21102 -15 0.0 0.0
2820 265 13 0.21102 -15 0.0 0.0
2821 266 13 0.21102 -15 0.0 0.0
2822 267 13 0.21102 -15 0.0 0.0
2823 268 13 0.21102 -15 0.0 0.0
2824 269 13 0.21102 -15 0.0 0.0
2825 270 13 0.21102 -15 0.0 0.0
2826 271 13 0.21102 -15 0.0 0.0
2827 272 13 0.21102 -15 0.0 0.0
2828 273 13 0.21102 -15 0.0 0.0
2829 274 13 0.21102 -15 0.0 0.0
2830 275 13 0.21102 -15 0.0 0.0
2831 276 13 0.21102 -15 0.0 0.0
2832 277 13 0.21102 -15 0.0 0.0
2833 278 13 0.21102 -15 0.0 0.0
2834 279 13 0.21102 -15 0.0 0.0
2835 280 13 0.21102 -15 0.0 0.0
2836 281 13 0.21102 -15 0.0 0.0
2837 282 13 0.21102 -15 0.0 0.0
2838 283 13 0.21102 -15 0.0 0.0
2839 284 13 0.21102 -15 0.0 0.0
2840 285 13 0.21102 -15 0.0 0.0
2841 286 13 0.21102 -15 0.0 0.0
2842 287 13 0.21102 -15 0.0 0.0
2843 288 13 0.21102 -15 0.0 0.0
2844 289 13 0.21102 -15 0.0 0.0
2845 290 13 0.21102 -15 0.0 0.0
2846 291 13 0.21102 -15 0.0 0.0
2847 292 13 0.21102 -15 0.0 0.0
2848 293 13 0.21102 -15 0.0 0.0
2849 294 13 0.21102 -15 0.0 0.0
2850 295 13 0.21102 -15 0.0 0.0
2851 296 13 0.21102 -15 0.0 0.0
2852 297 13 0.21102 -15 0.0 0.0
2853 298 13 0.21102 -15 0.0 0.0
2854 299 13 0.21102 -15 0.0 0.0
2855 300 13 0.21102 -15 0.0 0.0
2856 301 13 0.21102 -15 0.0 0.0
2857 302 13 0.21102 -15 0.0 0.0
2858 303 13 0.21102 -15 0.0 0.0
2859 304 13 0.21102 -15 0.0 0.0
2860 305 13 0.21102 -15 0.0 0.0
2861 306 13 0.21102 -15 0.0 0.0
2862 307 13 0.21102 -15 0.0 0.0
2863 308 13 0.21102 -15 0.0 0.0
2864 309 13 0.21102 -15 0.0 0.0
2865 310 13 0.21102 -15 0.0 0.0
2866 311 13 0.21102 -15 0.0 0.0
2867 312 13 0.21102 -15 0.0 0.0
2868 313 13 0.21102 -15 0.0 0.0
2869 314 13 0.21102 -15 0.0 0.0
2870 315 13 0.21102 -15 0.0 0.0
2871 316 13 0.21102 -15 0.0 0.0
2872 317 13 0.21102 -15 0.0 0.0
2873 318 13 0.21102 -15 0.0 0.0
2874 319 13 0.21102 -15 0.0 0.0
2875 320 13 0.21102 -15 0.0 0.0
2876 321 13 0.21102 -15 0.0 0.0
2877 322 13 0.21102 -15 0.0 0.0
2878 323 13 0.21102 -15 0.0 0.0
2879 324 13 0.21102 -15 0.0 0.0
2880 325 13 0.21102 -15 0.0 0.0
2881 326 13 0.21102 -15 0.0 0.0
2882 327 13 0.21102 -15 0.0 0.0
2883 328 13 0.21102 -15 0.0 0.0
2884 329 13 0.21102 -15 0.0 0.0
2885 330 13 0.21102 -15 0.0 0.0
2886 331 13 0.21102 -15 0.0 0.0
2887 332 13 0.21102 -15 0.0 0.0
2888 333 13 0.21102 -15 0.0 0.0
2889 334 13 0.21102 -15 0.0 0.0
2890 335 13 0.21102 -15 0.0 0.0
2891 336 0 0 0 0.0 0.0
2892 337 0 0 0 0.0 0.0
2893 338 0 0 0 0.0 0.0
2894 339 0 0 0 0.0 0.0
2895 340 0 0 0 0.0 0.0
2896 341 0 0 0 0.0 0.0
2897 342 0 0 0 0.0 0.0
2898 343 0 0 0 0.0 0.0
2899 344 0 0 0 0.0 0.0
2900 345 0 0 0 0.0 0.0
2901 346 0 0 0 0.0 0.0
2902 347 0 0 0 0.0 0.0
2903 348 0 0 0 0.0 0.0
2904 349 0 0 0 0.0 0.0
2905 350 0 0 0 0.0 0.0
2906 351 0 0 0 0.0 0.0
2907 352 0 0 0 0.0 0.0
2908 353 0 0 0 0.0 0.0
2909 354 0 0 0 0.0 0.0
2910 355 0 0 0 0.0 0.0
2911 356 0 0 0 0.0 0.0
2912 357 0 0 0 0.0 0.0
2913 358 0 0 0 0.0 0.0
2914 359 0 0 0 0.0 0.0
2915 360 0 0 0 0.0 0.0
2916 361 0 0 0 0.0 0.0
2917 362 0 0 0 0.0 0.0
2918 363 0 0 0 0.0 0.0
2919 364 0 0 0 0.0 0.0
2920 365 0 0 0 0.0 0.0
Starting new year: 2018
2921 1 0 0 0 0.0 0.0
2922 2 0 0 0 0.0 0.0
2923 3 0 0 0 0.0 0.0
2924 4 0 0 0 0.0 0.0
2925 5 0 0 0 0.0 0.0
2926 6 0 0 0 0.0 0.0
2927 7 0 0 0 0.0 0.0
2928 8 0 0 0 0.0 0.0
2929 9 0 0 0 0.0 0.0
2930 10 0 0 0 0.0 0.0
2931 11 0 0 0 0.0 0.0
2932 12 0 0 0 0.0 0.0
2933 13 0 0 0 0.0 0.0
2934 14 0 0 0 0.0 0.0
2935 15 0 0 0 0.0 0.0
2936 16 0 0 0 0.0 0.0
2937 17 0 0 0 0.0 0.0
2938 18 0 0 0 0.0 0.0
2939 19 0 0 0 0.0 0.0
2940 20 0 0 0 0.0 0.0
2941 21 0 0 0 0.0 0.0
2942 22 0 0 0 0.0 0.0
2943 23 0 0 0 0.0 0.0
2944 24 0 0 0 0.0 0.0
2945 25 0 0 0 0.0 0.0
2946 26 0 0 0 0.0 0.0
2947 27 0 0 0 0.0 0.0
2948 28 0 0 0 0.0 0.0
2949 29 0 0 0 0.0 0.0
2950 30 0 0 0 0.0 0.0
2951 31 0 0 0 0.0 0.0
2952 32 0 0 0 0.0 0.0
2953 33 0 0 0 0.0 0.0
2954 34 0 0 0 0.0 0.0
2955 35 0 0 0 0.0 0.0
2956 36 0 0 0 0.0 0.0
2957 37 0 0 0 0.0 0.0
2958 38 0 0 0 0.0 0.0
2959 39 0 0 0 0.0 0.0
2960 40 0 0 0 0.0 0.0
2961 41 0 0 0 0.0 0.0
2962 42 0 0 0 0.0 0.0
2963 43 0 0 0 0.0 0.0
2964 44 0 0 0 0.0 0.0
2965 45 0 0 0 0.0 0.0
2966 46 0 0 0 0.0 0.0
2967 47 0 0 0 0.0 0.0
2968 48 0 0 0 0.0 0.0
2969 49 0 0 0 0.0 0.0
2970 50 0 0 0 0.0 0.0
2971 51 0 0 0 0.0 0.0
2972 52 0 0 0 0.0 0.0
2973 53 0 0 0 0.0 0.0
2974 54 0 0 0 0.0 0.0
2975 55 0 0 0 0.0 0.0
2976 56 0 0 0 0.0 0.0
2977 57 0 0 0 0.0 0.0
2978 58 0 0 0 0.0 0.0
2979 59 0 0 0 0.0 0.0
2980 60 0 0 0 0.0 0.0
2981 61 0 0 0 0.0 0.0
2982 62 0 0 0 0.0 0.0
2983 63 0 0 0 0.0 0.0
2984 64 0 0 0 0.0 0.0
2985 65 0 0 0 0.0 0.0
2986 66 0 0 0 0.0 0.0
2987 67 0 0 0 0.0 0.0
2988 68 0 0 0 0.0 0.0
2989 69 0 0 0 0.0 0.0
2990 70 0 0 0 0.0 0.0
2991 71 0 0 0 0.0 0.0
2992 72 0 0 0 0.0 0.0
2993 73 0 0 0 0.0 0.0
2994 74 0 0 0 0.0 0.0
2995 75 0 0 0 0.0 0.0
2996 76 0 0 0 0.0 0.0
2997 77 0 0 0 0.0 0.0
2998 78 0 0 0 0.0 0.0
2999 79 0 0 0 0.0 0.0
3000 80 0 0 0 0.0 0.0
3001 81 0 0 0 0.0 0.0
3002 82 0 0 0 0.0 0.0
3003 83 0 0 0 0.0 0.0
3004 84 0 0 0 0.0 0.0
3005 85 0 0 0 0.0 0.0
3006 86 0 0 0 0.0 0.0
3007 87 0 0 0 0.0 0.0
3008 88 0 0 0 0.0 0.0
3009 89 0 0 0 0.0 0.0
3010 90 0 0 0 0.0 0.0
3011 91 13 0.276735 -20 0.0 0.0
3012 92 13 0.276735 -20 0.0 0.0
3013 93 13 0.276735 -20 0.0 0.0
3014 94 13 0.276735 -20 0.0 0.0
3015 95 13 0.276735 -20 0.0 0.0
3016 96 13 0.276735 -20 0.0 0.0
3017 97 13 0.276735 -20 0.0 0.0
3018 98 13 0.276735 -20 0.0 0.0
3019 99 13 0.276735 -20 0.0 0.0
3020 100 13 0.276735 -20 0.0 0.0
3021 101 13 0.276735 -20 0.0 0.0
3022 102 13 0.276735 -20 0.0 0.0
3023 103 13 0.276735 -20 0.0 0.0
3024 104 13 0.276735 -20 0.0 0.0
3025 105 13 0.276735 -20 0.0 0.0
3026 106 13 0.276735 -20 0.0 0.0
3027 107 13 0.276735 -20 0.0 0.0
3028 108 13 0.276735 -20 0.0 0.0
3029 109 13 0.276735 -20 0.0 0.0
3030 110 13 0.276735 -20 0.0 0.0
3031 111 13 0.276735 -20 0.0 0.0
3032 112 13 0.276735 -20 0.0 0.0
3033 113 13 0.276735 -20 0.0 0.0
3034 114 13 0.276735 -20 0.0 0.0
3035 115 13 0.276735 -20 0.0 0.0
3036 116 13 0.276735 -20 0.0 0.0
3037 117 13 0.276735 -20 0.0 0.0
3038 118 13 0.276735 -20 0.0 0.0
3039 119 13 0.276735 -20 0.0 0.0
3040 120 13 0.276735 -20 0.0 0.0
3041 121 13 0.276735 -20 0.0 0.0
3042 122 13 0.276735 -20 0.0 0.0
3043 123 13 0.276735 -20 0.0 0.0
3044 124 13 0.276735 -20 0.0 0.0
3045 125 13 0.276735 -20 0.0 0.0
3046 126 13 0.276735 -20 0.0 0.0
3047 127 13 0.276735 -20 0.0 0.0
3048 128 13 0.276735 -20 0.0 0.0
3049 129 13 0.276735 -20 0.0 0.0
3050 130 13 0.276735 -20 0.0 0.0
3051 131 13 0.276735 -20 0.0 0.0
3052 132 13 0.276735 -20 0.0 0.0
3053 133 13 0.276735 -20 0.0 0.0
3054 134 13 0.276735 -20 0.0 0.0
3055 135 13 0.276735 -20 0.0 0.0
3056 136 13 0.276735 -20 0.0 0.0
3057 137 13 0.276735 -20 0.0 0.0
3058 138 13 0.276735 -20 0.0 0.0
3059 139 13 0.276735 -20 0.0 0.0
3060 140 13 0.276735 -20 0.0 0.0
3061 141 13 0.276735 -20 0.0 0.0
3062 142 13 0.276735 -20 0.0 0.0
3063 143 13 0.276735 -20 0.0 0.0
3064 144 13 0.276735 -20 0.0 0.0
3065 145 13 0.276735 -20 0.0 0.0
3066 146 13 0.276735 -20 0.0 0.0
3067 147 13 0.276735 -20 0.0 0.0
3068 148 13 0.276735 -20 0.0 0.0
3069 149 13 0.276735 -20 0.0 0.0
3070 150 13 0.276735 -20 0.0 0.0
3071 151 13 0.276735 -20 0.0 0.0
3072 152 13 0.276735 -20 0.0 0.0
3073 153 13 0.276735 -20 0.0 0.0
3074 154 13 0.276735 -20 0.0 0.0
3075 155 13 0.276735 -20 0.0 0.0
3076 156 13 0.276735 -20 0.0 0.0
3077 157 13 0.276735 -20 0.0 0.0
3078 158 13 0.276735 -20 0.0 0.0
3079 159 13 0.276735 -20 0.0 0.0
3080 160 13 0.276735 -20 0.0 0.0
3081 161 13 0.276735 -20 0.0 0.0
3082 162 13 0.276735 -20 0.0 0.0
3083 163 13 0.276735 -20 0.0 0.0
3084 164 13 0.276735 -20 0.0 0.0
3085 165 13 0.276735 -20 0.0 0.0
3086 166 13 0.276735 -20 0.0 0.0
3087 167 13 0.276735 -20 0.0 0.0
3088 168 13 0.276735 -20 0.0 0.0
3089 169 13 0.276735 -20 0.0 0.0
3090 170 13 0.276735 -20 0.0 0.0
3091 171 13 0.276735 -20 0.0 0.0
3092 172 13 0.276735 -20 0.0 0.0
3093 173 13 0.276735 -20 0.0 0.0
3094 174 13 0.276735 -20 0.0 0.0
3095 175 13 0.276735 -20 0.0 0.0
3096 176 13 0.276735 -20 0.0 0.0
3097 177 13 0.276735 -20 0.0 0.0
3098 178 13 0.276735 -20 0.0 0.0
3099 179 13 0.276735 -20 0.0 0.0
3100 180 13 0.276735 -20 0.0 0.0
3101 181 13 0.276735 -20 0.0 0.0
3102 182 13 0.276735 -20 0.0 0.0
3103 183 13 0.276735 -20 0.0 0.0
3104 184 13 0.276735 -20 0.0 0.0
3105 185 13 0.276735 -20 0.0 0.0
3106 186 13 0.276735 -20 0.0 0.0
3107 187 13 0.276735 -20 0.0 0.0
3108 188 13 0.276735 -20 0.0 0.0
3109 189 13 0.276735 -20 0.0 0.0
3110 190 13 0.276735 -20 0.0 0.0
3111 191 13 0.276735 -20 0.0 0.0
3112 192 13 0.276735 -20 0.0 0.0
3113 193 13 0.276735 -20 0.0 0.0
3114 194 13 0.276735 -20 0.0 0.0
3115 195 13 0.276735 -20 0.0 0.0
3116 196 13 0.276735 -20 0.0 0.0
3117 197 13 0.276735 -20 0.0 0.0
3118 198 13 0.276735 -20 0.0 0.0
3119 199 13 0.276735 -20 0.0 0.0
3120 200 13 0.276735 -20 0.0 0.0
3121 201 13 0.276735 -20 0.0 0.0
3122 202 13 0.276735 -20 0.0 0.0
3123 203 13 0.276735 -20 0.0 0.0
3124 204 13 0.276735 -20 0.0 0.0
3125 205 13 0.276735 -20 0.0 0.0
3126 206 13 0.276735 -20 0.0 0.0
3127 207 13 0.276735 -20 0.0 0.0
3128 208 13 0.276735 -20 0.0 0.0
3129 209 13 0.276735 -20 0.0 0.0
3130 210 13 0.276735 -20 0.0 0.0
3131 211 13 0.276735 -20 0.0 0.0
3132 212 13 0.276735 -20 0.0 0.0
3133 213 13 0.276735 -20 0.0 0.0
3134 214 13 0.276735 -20 0.0 0.0
3135 215 13 0.276735 -20 0.0 0.0
3136 216 13 0.276735 -20 0.0 0.0
3137 217 13 0.276735 -20 0.0 0.0
3138 218 13 0.276735 -20 0.0 0.0
3139 219 13 0.276735 -20 0.0 0.0
3140 220 13 0.276735 -20 0.0 0.0
3141 221 13 0.276735 -20 0.0 0.0
3142 222 13 0.276735 -20 0.0 0.0
3143 223 13 0.276735 -20 0.0 0.0
3144 224 13 0.276735 -20 0.0 0.0
3145 225 13 0.276735 -20 0.0 0.0
3146 226 13 0.276735 -20 0.0 0.0
3147 227 13 0.276735 -20 0.0 0.0
3148 228 13 0.276735 -20 0.0 0.0
3149 229 13 0.276735 -20 0.0 0.0
3150 230 13 0.276735 -20 0.0 0.0
3151 231 13 0.276735 -20 0.0 0.0
3152 232 13 0.276735 -20 0.0 0.0
3153 233 13 0.276735 -20 0.0 0.0
3154 234 13 0.276735 -20 0.0 0.0
3155 235 13 0.276735 -20 0.0 0.0
3156 236 13 0.276735 -20 0.0 0.0
3157 237 13 0.276735 -20 0.0 0.0
3158 238 13 0.276735 -20 0.0 0.0
3159 239 13 0.276735 -20 0.0 0.0
3160 240 13 0.276735 -20 0.0 0.0
3161 241 13 0.276735 -20 0.0 0.0
3162 242 13 0.276735 -20 0.0 0.0
3163 243 13 0.276735 -20 0.0 0.0
3164 244 13 0.276735 -20 0.0 0.0
3165 245 13 0.276735 -20 0.0 0.0
3166 246 13 0.276735 -20 0.0 0.0
3167 247 13 0.276735 -20 0.0 0.0
3168 248 13 0.276735 -20 0.0 0.0
3169 249 13 0.276735 -20 0.0 0.0
3170 250 13 0.276735 -20 0.0 0.0
3171 251 13 0.276735 -20 0.0 0.0
3172 252 13 0.276735 -20 0.0 0.0
3173 253 13 0.276735 -20 0.0 0.0
3174 254 13 0.276735 -20 0.0 0.0
3175 255 13 0.276735 -20 0.0 0.0
3176 256 13 0.276735 -20 0.0 0.0
3177 257 13 0.276735 -20 0.0 0.0
3178 258 13 0.276735 -20 0.0 0.0
3179 259 13 0.276735 -20 0.0 0.0
3180 260 13 0.276735 -20 0.0 0.0
3181 261 13 0.276735 -20 0.0 0.0
3182 262 13 0.276735 -20 0.0 0.0
3183 263 13 0.276735 -20 0.0 0.0
3184 264 13 0.276735 -20 0.0 0.0
3185 265 13 0.276735 -20 0.0 0.0
3186 266 13 0.276735 -20 0.0 0.0
3187 267 13 0.276735 -20 0.0 0.0
3188 268 13 0.276735 -20 0.0 0.0
3189 269 13 0.276735 -20 0.0 0.0
3190 270 13 0.276735 -20 0.0 0.0
3191 271 13 0.276735 -20 0.0 0.0
3192 272 13 0.276735 -20 0.0 0.0
3193 273 13 0.276735 -20 0.0 0.0
3194 274 13 0.276735 -20 0.0 0.0
3195 275 13 0.276735 -20 0.0 0.0
3196 276 13 0.276735 -20 0.0 0.0
3197 277 13 0.276735 -20 0.0 0.0
3198 278 13 0.276735 -20 0.0 0.0
3199 279 13 0.276735 -20 0.0 0.0
3200 280 13 0.276735 -20 0.0 0.0
3201 281 13 0.276735 -20 0.0 0.0
3202 282 13 0.276735 -20 0.0 0.0
3203 283 13 0.276735 -20 0.0 0.0
3204 284 13 0.276735 -20 0.0 0.0
3205 285 13 0.276735 -20 0.0 0.0
3206 286 13 0.276735 -20 0.0 0.0
3207 287 13 0.276735 -20 0.0 0.0
3208 288 13 0.276735 -20 0.0 0.0
3209 289 13 0.276735 -20 0.0 0.0
3210 290 13 0.276735 -20 0.0 0.0
3211 291 13 0.276735 -20 0.0 0.0
3212 292 13 0.276735 -20 0.0 0.0
3213 293 13 0.276735 -20 0.0 0.0
3214 294 13 0.276735 -20 0.0 0.0
3215 295 13 0.276735 -20 0.0 0.0
3216 296 13 0.276735 -20 0.0 0.0
3217 297 13 0.276735 -20 0.0 0.0
3218 298 13 0.276735 -20 0.0 0.0
3219 299 13 0.276735 -20 0.0 0.0
3220 300 13 0.276735 -20 0.0 0.0
3221 301 13 0.276735 -20 0.0 0.0
3222 302 13 0.276735 -20 0.0 0.0
3223 303 13 0.276735 -20 0.0 0.0
3224 304 13 0.276735 -20 0.0 0.0
3225 305 13 0.276735 -20 0.0 0.0
3226 306 13 0.276735 -20 0.0 0.0
3227 307 13 0.276735 -20 0.0 0.0
3228 308 13 0.276735 -20 0.0 0.0
3229 309 13 0.276735 -20 0.0 0.0
3230 310 13 0.276735 -20 0.0 0.0
3231 311 13 0.276735 -20 0.0 0.0
3232 312 13 0.276735 -20 0.0 0.0
3233 313 13 0.276735 -20 0.0 0.0
3234 314 13 0.276735 -20 0.0 0.0
3235 315 13 0.276735 -20 0.0 0.0
3236 316 13 0.276735 -20 0.0 0.0
3237 317 13 0.276735 -20 0.0 0.0
3238 318 13 0.276735 -20 0.0 0.0
3239 319 13 0.276735 -20 0.0 0.0
3240 320 13 0.276735 -20 0.0 0.0
3241 321 13 0.276735 -20 0.0 0.0
3242 322 13 0.276735 -20 0.0 0.0
3243 323 13 0.276735 -20 0.0 0.0
3244 324 13 0.276735 -20 0.0 0.0
3245 325 13 0.276735 -20 0.0 0.0
3246 326 13 0.276735 -20 0.0 0.0
3247 327 13 0.276735 -20 0.0 0.0
3248 328 13 0.276735 -20 0.0 0.0
3249 329 13 0.276735 -20 0.0 0.0
3250 330 13 0.276735 -20 0.0 0.0
3251 331 13 0.276735 -20 0.0 0.0
3252 332 13 0.276735 -20 0.0 0.0
3253 333 13 0.276735 -20 0.0 0.0
3254 334 13 0.276735 -20 0.0 0.0
3255 335 13 0.276735 -20 0.0 0.0
3256 336 0 0 0 0.0 0.0
3257 337 0 0 0 0.0 0.0
3258 338 0 0 0 0.0 0.0
3259 339 0 0 0 0.0 0.0
3260 340 0 0 0 0.0 0.0
3261 341 0 0 0 0.0 0.0
3262 342 0 0 0 0.0 0.0
3263 343 0 0 0 0.0 0.0
3264 344 0 0 0 0.0 0.0
3265 345 0 0 0 0.0 0.0
3266 346 0 0 0 0.0 0.0
3267 347 0 0 0 0.0 0.0
3268 348 0 0 0 0.0 0.0
3269 349 0 0 0 0.0 0.0
3270 350 0 0 0 0.0 0.0
3271 351 0 0 0 0.0 0.0
3272 352 0 0 0 0.0 0.0
3273 353 0 0 0 0.0 0.0
3274 354 0 0 0 0.0 0.0
3275 355 0 0 0 0.0 0.0
3276 356 0 0 0 0.0 0.0
3277 357 0 0 0 0.0 0.0
3278 358 0 0 0 0.0 0.0
3279 359 0 0 0 0.0 0.0
3280 360 0 0 0 0.0 0.0
3281 361 0 0 0 0.0 0.0
3282 362 0 0 0 0.0 0.0
3283 363 0 0 0 0.0 0.0
3284 364 0 0 0 0.0 0.0
3285 365 0 0 0 0.0 0.0
Starting new year: 2019
3286 1 0 0 0 0.0 0.0
3287 2 0 0 0 0.0 0.0
3288 3 0 0 0 0.0 0.0
3289 4 0 0 0 0.0 0.0
3290 5 0 0 0 0.0 0.0
3291 6 0 0 0 0.0 0.0
3292 7 0 0 0 0.0 0.0
3293 8 0 0 0 0.0 0.0
3294 9 0 0 0 0.0 0.0
3295 10 0 0 0 0.0 0.0
3296 11 0 0 0 0.0 0.0
3297 12 0 0 0 0.0 0.0
3298 13 0 0 0 0.0 0.0
3299 14 0 0 0 0.0 0.0
3300 15 0 0 0 0.0 0.0
3301 16 0 0 0 0.0 0.0
3302 17 0 0 0 0.0 0.0
3303 18 0 0 0 0.0 0.0
3304 19 0 0 0 0.0 0.0
3305 20 0 0 0 0.0 0.0
3306 21 0 0 0 0.0 0.0
3307 22 0 0 0 0.0 0.0
3308 23 0 0 0 0.0 0.0
3309 24 0 0 0 0.0 0.0
3310 25 0 0 0 0.0 0.0
3311 26 0 0 0 0.0 0.0
3312 27 0 0 0 0.0 0.0
3313 28 0 0 0 0.0 0.0
3314 29 0 0 0 0.0 0.0
3315 30 0 0 0 0.0 0.0
3316 31 0 0 0 0.0 0.0
3317 32 0 0 0 0.0 0.0
3318 33 0 0 0 0.0 0.0
3319 34 0 0 0 0.0 0.0
3320 35 0 0 0 0.0 0.0
3321 36 0 0 0 0.0 0.0
3322 37 0 0 0 0.0 0.0
3323 38 0 0 0 0.0 0.0
3324 39 0 0 0 0.0 0.0
3325 40 0 0 0 0.0 0.0
3326 41 0 0 0 0.0 0.0
3327 42 0 0 0 0.0 0.0
3328 43 0 0 0 0.0 0.0
3329 44 0 0 0 0.0 0.0
3330 45 0 0 0 0.0 0.0
3331 46 0 0 0 0.0 0.0
3332 47 0 0 0 0.0 0.0
3333 48 0 0 0 0.0 0.0
3334 49 0 0 0 0.0 0.0
3335 50 0 0 0 0.0 0.0
3336 51 0 0 0 0.0 0.0
3337 52 0 0 0 0.0 0.0
3338 53 0 0 0 0.0 0.0
3339 54 0 0 0 0.0 0.0
3340 55 0 0 0 0.0 0.0
3341 56 0 0 0 0.0 0.0
3342 57 0 0 0 0.0 0.0
3343 58 0 0 0 0.0 0.0
3344 59 0 0 0 0.0 0.0
3345 60 0 0 0 0.0 0.0
3346 61 0 0 0 0.0 0.0
3347 62 0 0 0 0.0 0.0
3348 63 0 0 0 0.0 0.0
3349 64 0 0 0 0.0 0.0
3350 65 0 0 0 0.0 0.0
3351 66 0 0 0 0.0 0.0
3352 67 0 0 0 0.0 0.0
3353 68 0 0 0 0.0 0.0
3354 69 0 0 0 0.0 0.0
3355 70 0 0 0 0.0 0.0
3356 71 0 0 0 0.0 0.0
3357 72 0 0 0 0.0 0.0
3358 73 0 0 0 0.0 0.0
3359 74 0 0 0 0.0 0.0
3360 75 0 0 0 0.0 0.0
3361 76 0 0 0 0.0 0.0
3362 77 0 0 0 0.0 0.0
3363 78 0 0 0 0.0 0.0
3364 79 0 0 0 0.0 0.0
3365 80 0 0 0 0.0 0.0
3366 81 0 0 0 0.0 0.0
3367 82 0 0 0 0.0 0.0
3368 83 0 0 0 0.0 0.0
3369 84 0 0 0 0.0 0.0
3370 85 0 0 0 0.0 0.0
3371 86 0 0 0 0.0 0.0
3372 87 0 0 0 0.0 0.0
3373 88 0 0 0 0.0 0.0
3374 89 0 0 0 0.0 0.0
3375 90 0 0 0 0.0 0.0
3376 91 0 0 0 0.0 0.0
3377 92 0 0 0 0.0 0.0
3378 93 0 0 0 0.0 0.0
3379 94 0 0 0 0.0 0.0
3380 95 0 0 0 0.0 0.0
3381 96 0 0 0 0.0 0.0
3382 97 0 0 0 0.0 0.0
3383 98 0 0 0 0.0 0.0
3384 99 0 0 0 0.0 0.0
3385 100 0 0 0 0.0 0.0
3386 101 0 0 0 0.0 0.0
3387 102 0 0 0 0.0 0.0
3388 103 0 0 0 0.0 0.0
3389 104 0 0 0 0.0 0.0
3390 105 0 0 0 0.0 0.0
3391 106 0 0 0 0.0 0.0
3392 107 0 0 0 0.0 0.0
3393 108 0 0 0 0.0 0.0
3394 109 0 0 0 0.0 0.0
3395 110 0 0 0 0.0 0.0
3396 111 0 0 0 0.0 0.0
3397 112 0 0 0 0.0 0.0
3398 113 0 0 0 0.0 0.0
3399 114 0 0 0 0.0 0.0
3400 115 0 0 0 0.0 0.0
3401 116 0 0 0 0.0 0.0
3402 117 0 0 0 0.0 0.0
3403 118 0 0 0 0.0 0.0
3404 119 0 0 0 0.0 0.0
3405 120 0 0 0 0.0 0.0
3406 121 0 0 0 0.0 0.0
3407 122 0 0 0 0.0 0.0
3408 123 0 0 0 0.0 0.0
3409 124 0 0 0 0.0 0.0
3410 125 0 0 0 0.0 0.0
3411 126 0 0 0 0.0 0.0
3412 127 0 0 0 0.0 0.0
3413 128 0 0 0 0.0 0.0
3414 129 0 0 0 0.0 0.0
3415 130 0 0 0 0.0 0.0
3416 131 0 0 0 0.0 0.0
3417 132 0 0 0 0.0 0.0
3418 133 0 0 0 0.0 0.0
3419 134 0 0 0 0.0 0.0
3420 135 0 0 0 0.0 0.0
3421 136 0 0 0 0.0 0.0
3422 137 0 0 0 0.0 0.0
3423 138 0 0 0 0.0 0.0
3424 139 0 0 0 0.0 0.0
3425 140 0 0 0 0.0 0.0
3426 141 0 0 0 0.0 0.0
3427 142 0 0 0 0.0 0.0
3428 143 0 0 0 0.0 0.0
3429 144 0 0 0 0.0 0.0
3430 145 0 0 0 0.0 0.0
3431 146 0 0 0 0.0 0.0
3432 147 0 0 0 0.0 0.0
3433 148 0 0 0 0.0 0.0
3434 149 0 0 0 0.0 0.0
3435 150 0 0 0 0.0 0.0
3436 151 0 0 0 0.0 0.0
3437 152 0 0 0 0.0 0.0
3438 153 0 0 0 0.0 0.0
3439 154 0 0 0 0.0 0.0
3440 155 0 0 0 0.0 0.0
3441 156 0 0 0 0.0 0.0
3442 157 0 0 0 0.0 0.0
3443 158 0 0 0 0.0 0.0
3444 159 0 0 0 0.0 0.0
3445 160 0 0 0 0.0 0.0
3446 161 0 0 0 0.0 0.0
3447 162 0 0 0 0.0 0.0
3448 163 0 0 0 0.0 0.0
3449 164 0 0 0 0.0 0.0
3450 165 0 0 0 0.0 0.0
3451 166 0 0 0 0.0 0.0
3452 167 0 0 0 0.0 0.0
3453 168 0 0 0 0.0 0.0
3454 169 0 0 0 0.0 0.0
3455 170 0 0 0 0.0 0.0
3456 171 0 0 0 0.0 0.0
3457 172 0 0 0 0.0 0.0
3458 173 0 0 0 0.0 0.0
3459 174 0 0 0 0.0 0.0
3460 175 0 0 0 0.0 0.0
3461 176 0 0 0 0.0 0.0
3462 177 0 0 0 0.0 0.0
3463 178 0 0 0 0.0 0.0
3464 179 0 0 0 0.0 0.0
3465 180 0 0 0 0.0 0.0
3466 181 0 0 0 0.0 0.0
3467 182 0 0 0 0.0 0.0
3468 183 0 0 0 0.0 0.0
3469 184 0 0 0 0.0 0.0
3470 185 0 0 0 0.0 0.0
3471 186 0 0 0 0.0 0.0
3472 187 0 0 0 0.0 0.0
3473 188 0 0 0 0.0 0.0
3474 189 0 0 0 0.0 0.0
3475 190 0 0 0 0.0 0.0
3476 191 0 0 0 0.0 0.0
3477 192 0 0 0 0.0 0.0
3478 193 0 0 0 0.0 0.0
3479 194 0 0 0 0.0 0.0
3480 195 0 0 0 0.0 0.0
3481 196 0 0 0 0.0 0.0
3482 197 0 0 0 0.0 0.0
3483 198 0 0 0 0.0 0.0
3484 199 0 0 0 0.0 0.0
3485 200 0 0 0 0.0 0.0
3486 201 0 0 0 0.0 0.0
3487 202 0 0 0 0.0 0.0
3488 203 0 0 0 0.0 0.0
3489 204 0 0 0 0.0 0.0
3490 205 0 0 0 0.0 0.0
3491 206 0 0 0 0.0 0.0
3492 207 0 0 0 0.0 0.0
3493 208 0 0 0 0.0 0.0
3494 209 0 0 0 0.0 0.0
3495 210 0 0 0 0.0 0.0
3496 211 0 0 0 0.0 0.0
3497 212 0 0 0 0.0 0.0
3498 213 0 0 0 0.0 0.0
3499 214 0 0 0 0.0 0.0
3500 215 0 0 0 0.0 0.0
3501 216 0 0 0 0.0 0.0
3502 217 0 0 0 0.0 0.0
3503 218 0 0 0 0.0 0.0
3504 219 0 0 0 0.0 0.0
3505 220 0 0 0 0.0 0.0
3506 221 0 0 0 0.0 0.0
3507 222 0 0 0 0.0 0.0
3508 223 0 0 0 0.0 0.0
3509 224 0 0 0 0.0 0.0
3510 225 0 0 0 0.0 0.0
3511 226 0 0 0 0.0 0.0
3512 227 0 0 0 0.0 0.0
3513 228 0 0 0 0.0 0.0
3514 229 0 0 0 0.0 0.0
3515 230 0 0 0 0.0 0.0
3516 231 0 0 0 0.0 0.0
3517 232 0 0 0 0.0 0.0
3518 233 0 0 0 0.0 0.0
3519 234 0 0 0 0.0 0.0
3520 235 0 0 0 0.0 0.0
3521 236 0 0 0 0.0 0.0
3522 237 0 0 0 0.0 0.0
3523 238 0 0 0 0.0 0.0
3524 239 0 0 0 0.0 0.0
3525 240 0 0 0 0.0 0.0
3526 241 0 0 0 0.0 0.0
3527 242 0 0 0 0.0 0.0
3528 243 0 0 0 0.0 0.0
3529 244 0 0 0 0.0 0.0
3530 245 0 0 0 0.0 0.0
3531 246 0 0 0 0.0 0.0
3532 247 0 0 0 0.0 0.0
3533 248 0 0 0 0.0 0.0
3534 249 0 0 0 0.0 0.0
3535 250 0 0 0 0.0 0.0
3536 251 0 0 0 0.0 0.0
3537 252 0 0 0 0.0 0.0
3538 253 0 0 0 0.0 0.0
3539 254 0 0 0 0.0 0.0
3540 255 0 0 0 0.0 0.0
3541 256 0 0 0 0.0 0.0
3542 257 0 0 0 0.0 0.0
3543 258 0 0 0 0.0 0.0
3544 259 0 0 0 0.0 0.0
3545 260 0 0 0 0.0 0.0
3546 261 0 0 0 0.0 0.0
3547 262 0 0 0 0.0 0.0
3548 263 0 0 0 0.0 0.0
3549 264 0 0 0 0.0 0.0
3550 265 0 0 0 0.0 0.0
3551 266 0 0 0 0.0 0.0
3552 267 0 0 0 0.0 0.0
3553 268 0 0 0 0.0 0.0
3554 269 0 0 0 0.0 0.0
3555 270 0 0 0 0.0 0.0
3556 271 0 0 0 0.0 0.0
3557 272 0 0 0 0.0 0.0
3558 273 0 0 0 0.0 0.0
3559 274 0 0 0 0.0 0.0
3560 275 0 0 0 0.0 0.0
3561 276 0 0 0 0.0 0.0
3562 277 0 0 0 0.0 0.0
3563 278 0 0 0 0.0 0.0
3564 279 0 0 0 0.0 0.0
3565 280 0 0 0 0.0 0.0
3566 281 0 0 0 0.0 0.0
3567 282 0 0 0 0.0 0.0
3568 283 0 0 0 0.0 0.0
3569 284 0 0 0 0.0 0.0
3570 285 0 0 0 0.0 0.0
3571 286 0 0 0 0.0 0.0
3572 287 0 0 0 0.0 0.0
3573 288 0 0 0 0.0 0.0
3574 289 0 0 0 0.0 0.0
3575 290 0 0 0 0.0 0.0
3576 291 0 0 0 0.0 0.0
3577 292 0 0 0 0.0 0.0
3578 293 0 0 0 0.0 0.0
3579 294 0 0 0 0.0 0.0
3580 295 0 0 0 0.0 0.0
3581 296 0 0 0 0.0 0.0
3582 297 0 0 0 0.0 0.0
3583 298 0 0 0 0.0 0.0
3584 299 0 0 0 0.0 0.0
3585 300 0 0 0 0.0 0.0
3586 301 0 0 0 0.0 0.0
3587 302 0 0 0 0.0 0.0
3588 303 0 0 0 0.0 0.0
3589 304 0 0 0 0.0 0.0
3590 305 0 0 0 0.0 0.0
3591 306 0 0 0 0.0 0.0
3592 307 0 0 0 0.0 0.0
3593 308 0 0 0 0.0 0.0
3594 309 0 0 0 0.0 0.0
3595 310 0 0 0 0.0 0.0
3596 311 0 0 0 0.0 0.0
3597 312 0 0 0 0.0 0.0
3598 313 0 0 0 0.0 0.0
3599 314 0 0 0 0.0 0.0
3600 315 0 0 0 0.0 0.0
3601 316 0 0 0 0.0 0.0
3602 317 0 0 0 0.0 0.0
3603 318 0 0 0 0.0 0.0
3604 319 0 0 0 0.0 0.0
3605 320 0 0 0 0.0 0.0
3606 321 0 0 0 0.0 0.0
3607 322 0 0 0 0.0 0.0
3608 323 0 0 0 0.0 0.0
3609 324 0 0 0 0.0 0.0
3610 325 0 0 0 0.0 0.0
3611 326 0 0 0 0.0 0.0
3612 327 0 0 0 0.0 0.0
3613 328 0 0 0 0.0 0.0
3614 329 0 0 0 0.0 0.0
3615 330 0 0 0 0.0 0.0
3616 331 0 0 0 0.0 0.0
3617 332 0 0 0 0.0 0.0
3618 333 0 0 0 0.0 0.0
3619 334 0 0 0 0.0 0.0
3620 335 0 0 0 0.0 0.0
3621 336 0 0 0 0.0 0.0
3622 337 0 0 0 0.0 0.0
3623 338 0 0 0 0.0 0.0
3624 339 0 0 0 0.0 0.0
3625 340 0 0 0 0.0 0.0
3626 341 0 0 0 0.0 0.0
3627 342 0 0 0 0.0 0.0
3628 343 0 0 0 0.0 0.0
3629 344 0 0 0 0.0 0.0
3630 345 0 0 0 0.0 0.0
3631 346 0 0 0 0.0 0.0
3632 347 0 0 0 0.0 0.0
3633 348 0 0 0 0.0 0.0
3634 349 0 0 0 0.0 0.0
3635 350 0 0 0 0.0 0.0
3636 351 0 0 0 0.0 0.0
3637 352 0 0 0 0.0 0.0
3638 353 0 0 0 0.0 0.0
3639 354 0 0 0 0.0 0.0
3640 355 0 0 0 0.0 0.0
3641 356 0 0 0 0.0 0.0
3642 357 0 0 0 0.0 0.0
3643 358 0 0 0 0.0 0.0
3644 359 0 0 0 0.0 0.0
3645 360 0 0 0 0.0 0.0
3646 361 0 0 0 0.0 0.0
3647 362 0 0 0 0.0 0.0
3648 363 0 0 0 0.0 0.0
3649 364 0 0 0 0.0 0.0
3650 365 0 0 0 0.0 0.0
Starting new year: 2020
3651 1 0 0 0 0.0 0.0
3652 2 0 0 0 0.0 0.0
3653 3 0 0 0 0.0 0.0
3654 4 0 0 0 0.0 0.0
3655 5 0 0 0 0.0 0.0
3656 6 0 0 0 0.0 0.0
3657 7 0 0 0 0.0 0.0
3658 8 0 0 0 0.0 0.0
3659 9 0 0 0 0.0 0.0
3660 10 0 0 0 0.0 0.0
3661 11 0 0 0 0.0 0.0
3662 12 0 0 0 0.0 0.0
3663 13 0 0 0 0.0 0.0
3664 14 0 0 0 0.0 0.0
3665 15 0 0 0 0.0 0.0
3666 16 0 0 0 0.0 0.0
3667 17 0 0 0 0.0 0.0
3668 18 0 0 0 0.0 0.0
3669 19 0 0 0 0.0 0.0
3670 20 0 0 0 0.0 0.0
3671 21 0 0 0 0.0 0.0
3672 22 0 0 0 0.0 0.0
3673 23 0 0 0 0.0 0.0
3674 24 0 0 0 0.0 0.0
3675 25 0 0 0 0.0 0.0
3676 26 0 0 0 0.0 0.0
3677 27 0 0 0 0.0 0.0
3678 28 0 0 0 0.0 0.0
3679 29 0 0 0 0.0 0.0
3680 30 0 0 0 0.0 0.0
3681 31 0 0 0 0.0 0.0
3682 32 0 0 0 0.0 0.0
3683 33 0 0 0 0.0 0.0
3684 34 0 0 0 0.0 0.0
3685 35 0 0 0 0.0 0.0
3686 36 0 0 0 0.0 0.0
3687 37 0 0 0 0.0 0.0
3688 38 0 0 0 0.0 0.0
3689 39 0 0 0 0.0 0.0
3690 40 0 0 0 0.0 0.0
3691 41 0 0 0 0.0 0.0
3692 42 0 0 0 0.0 0.0
3693 43 0 0 0 0.0 0.0
3694 44 0 0 0 0.0 0.0
3695 45 0 0 0 0.0 0.0
3696 46 0 0 0 0.0 0.0
3697 47 0 0 0 0.0 0.0
3698 48 0 0 0 0.0 0.0
3699 49 0 0 0 0.0 0.0
3700 50 0 0 0 0.0 0.0
3701 51 0 0 0 0.0 0.0
3702 52 0 0 0 0.0 0.0
3703 53 0 0 0 0.0 0.0
3704 54 0 0 0 0.0 0.0
3705 55 0 0 0 0.0 0.0
3706 56 0 0 0 0.0 0.0
3707 57 0 0 0 0.0 0.0
3708 58 0 0 0 0.0 0.0
3709 59 0 0 0 0.0 0.0
3710 60 0 0 0 0.0 0.0
3711 61 0 0 0 0.0 0.0
3712 62 0 0 0 0.0 0.0
3713 63 0 0 0 0.0 0.0
3714 64 0 0 0 0.0 0.0
3715 65 0 0 0 0.0 0.0
3716 66 0 0 0 0.0 0.0
3717 67 0 0 0 0.0 0.0
3718 68 0 0 0 0.0 0.0
3719 69 0 0 0 0.0 0.0
3720 70 0 0 0 0.0 0.0
3721 71 0 0 0 0.0 0.0
3722 72 0 0 0 0.0 0.0
3723 73 0 0 0 0.0 0.0
3724 74 0 0 0 0.0 0.0
3725 75 0 0 0 0.0 0.0
3726 76 0 0 0 0.0 0.0
3727 77 0 0 0 0.0 0.0
3728 78 0 0 0 0.0 0.0
3729 79 0 0 0 0.0 0.0
3730 80 0 0 0 0.0 0.0
3731 81 0 0 0 0.0 0.0
3732 82 0 0 0 0.0 0.0
3733 83 0 0 0 0.0 0.0
3734 84 0 0 0 0.0 0.0
3735 85 0 0 0 0.0 0.0
3736 86 0 0 0 0.0 0.0
3737 87 0 0 0 0.0 0.0
3738 88 0 0 0 0.0 0.0
3739 89 0 0 0 0.0 0.0
3740 90 0 0 0 0.0 0.0
3741 91 0 0 0 0.0 0.0
3742 92 0 0 0 0.0 0.0
3743 93 0 0 0 0.0 0.0
3744 94 0 0 0 0.0 0.0
3745 95 0 0 0 0.0 0.0
3746 96 0 0 0 0.0 0.0
3747 97 0 0 0 0.0 0.0
3748 98 0 0 0 0.0 0.0
3749 99 0 0 0 0.0 0.0
3750 100 0 0 0 0.0 0.0
3751 101 0 0 0 0.0 0.0
3752 102 0 0 0 0.0 0.0
3753 103 0 0 0 0.0 0.0
3754 104 0 0 0 0.0 0.0
3755 105 0 0 0 0.0 0.0
3756 106 0 0 0 0.0 0.0
3757 107 0 0 0 0.0 0.0
3758 108 0 0 0 0.0 0.0
3759 109 0 0 0 0.0 0.0
3760 110 0 0 0 0.0 0.0
3761 111 0 0 0 0.0 0.0
3762 112 0 0 0 0.0 0.0
3763 113 0 0 0 0.0 0.0
3764 114 0 0 0 0.0 0.0
3765 115 0 0 0 0.0 0.0
3766 116 0 0 0 0.0 0.0
3767 117 0 0 0 0.0 0.0
3768 118 0 0 0 0.0 0.0
3769 119 0 0 0 0.0 0.0
3770 120 0 0 0 0.0 0.0
3771 121 0 0 0 0.0 0.0
3772 122 0 0 0 0.0 0.0
3773 123 0 0 0 0.0 0.0
3774 124 0 0 0 0.0 0.0
3775 125 0 0 0 0.0 0.0
3776 126 0 0 0 0.0 0.0
3777 127 0 0 0 0.0 0.0
3778 128 0 0 0 0.0 0.0
3779 129 0 0 0 0.0 0.0
3780 130 0 0 0 0.0 0.0
3781 131 0 0 0 0.0 0.0
3782 132 0 0 0 0.0 0.0
3783 133 0 0 0 0.0 0.0
3784 134 0 0 0 0.0 0.0
3785 135 0 0 0 0.0 0.0
3786 136 0 0 0 0.0 0.0
3787 137 0 0 0 0.0 0.0
3788 138 0 0 0 0.0 0.0
3789 139 0 0 0 0.0 0.0
3790 140 0 0 0 0.0 0.0
3791 141 0 0 0 0.0 0.0
3792 142 0 0 0 0.0 0.0
3793 143 0 0 0 0.0 0.0
3794 144 0 0 0 0.0 0.0
3795 145 0 0 0 0.0 0.0
3796 146 0 0 0 0.0 0.0
3797 147 0 0 0 0.0 0.0
3798 148 0 0 0 0.0 0.0
3799 149 0 0 0 0.0 0.0
3800 150 0 0 0 0.0 0.0
3801 151 0 0 0 0.0 0.0
3802 152 0 0 0 0.0 0.0
3803 153 0 0 0 0.0 0.0
3804 154 0 0 0 0.0 0.0
3805 155 0 0 0 0.0 0.0
3806 156 0 0 0 0.0 0.0
3807 157 0 0 0 0.0 0.0
3808 158 0 0 0 0.0 0.0
3809 159 0 0 0 0.0 0.0
3810 160 0 0 0 0.0 0.0
3811 161 0 0 0 0.0 0.0
3812 162 0 0 0 0.0 0.0
3813 163 0 0 0 0.0 0.0
3814 164 0 0 0 0.0 0.0
3815 165 0 0 0 0.0 0.0
3816 166 0 0 0 0.0 0.0
3817 167 0 0 0 0.0 0.0
3818 168 0 0 0 0.0 0.0
3819 169 0 0 0 0.0 0.0
3820 170 0 0 0 0.0 0.0
3821 171 0 0 0 0.0 0.0
3822 172 0 0 0 0.0 0.0
3823 173 0 0 0 0.0 0.0
3824 174 0 0 0 0.0 0.0
3825 175 0 0 0 0.0 0.0
3826 176 0 0 0 0.0 0.0
3827 177 0 0 0 0.0 0.0
3828 178 0 0 0 0.0 0.0
3829 179 0 0 0 0.0 0.0
3830 180 0 0 0 0.0 0.0
3831 181 0 0 0 0.0 0.0
3832 182 0 0 0 0.0 0.0
3833 183 0 0 0 0.0 0.0
3834 184 0 0 0 0.0 0.0
3835 185 0 0 0 0.0 0.0
3836 186 0 0 0 0.0 0.0
3837 187 0 0 0 0.0 0.0
3838 188 0 0 0 0.0 0.0
3839 189 0 0 0 0.0 0.0
3840 190 0 0 0 0.0 0.0
3841 191 0 0 0 0.0 0.0
3842 192 0 0 0 0.0 0.0
3843 193 0 0 0 0.0 0.0
3844 194 0 0 0 0.0 0.0
3845 195 0 0 0 0.0 0.0
3846 196 0 0 0 0.0 0.0
3847 197 0 0 0 0.0 0.0
3848 198 0 0 0 0.0 0.0
3849 199 0 0 0 0.0 0.0
3850 200 0 0 0 0.0 0.0
3851 201 0 0 0 0.0 0.0
3852 202 0 0 0 0.0 0.0
3853 203 0 0 0 0.0 0.0
3854 204 0 0 0 0.0 0.0
3855 205 0 0 0 0.0 0.0
3856 206 0 0 0 0.0 0.0
3857 207 0 0 0 0.0 0.0
3858 208 0 0 0 0.0 0.0
3859 209 0 0 0 0.0 0.0
3860 210 0 0 0 0.0 0.0
3861 211 0 0 0 0.0 0.0
3862 212 0 0 0 0.0 0.0
3863 213 0 0 0 0.0 0.0
3864 214 0 0 0 0.0 0.0
3865 215 0 0 0 0.0 0.0
3866 216 0 0 0 0.0 0.0
3867 217 0 0 0 0.0 0.0
3868 218 0 0 0 0.0 0.0
3869 219 0 0 0 0.0 0.0
3870 220 0 0 0 0.0 0.0
3871 221 0 0 0 0.0 0.0
3872 222 0 0 0 0.0 0.0
3873 223 0 0 0 0.0 0.0
3874 224 0 0 0 0.0 0.0
3875 225 0 0 0 0.0 0.0
3876 226 0 0 0 0.0 0.0
3877 227 0 0 0 0.0 0.0
3878 228 0 0 0 0.0 0.0
3879 229 0 0 0 0.0 0.0
3880 230 0 0 0 0.0 0.0
3881 231 0 0 0 0.0 0.0
3882 232 0 0 0 0.0 0.0
3883 233 0 0 0 0.0 0.0
3884 234 0 0 0 0.0 0.0
3885 235 0 0 0 0.0 0.0
3886 236 0 0 0 0.0 0.0
3887 237 0 0 0 0.0 0.0
3888 238 0 0 0 0.0 0.0
3889 239 0 0 0 0.0 0.0
3890 240 0 0 0 0.0 0.0
3891 241 0 0 0 0.0 0.0
3892 242 0 0 0 0.0 0.0
3893 243 0 0 0 0.0 0.0
3894 244 0 0 0 0.0 0.0
3895 245 0 0 0 0.0 0.0
3896 246 0 0 0 0.0 0.0
3897 247 0 0 0 0.0 0.0
3898 248 0 0 0 0.0 0.0
3899 249 0 0 0 0.0 0.0
3900 250 0 0 0 0.0 0.0
3901 251 0 0 0 0.0 0.0
3902 252 0 0 0 0.0 0.0
3903 253 0 0 0 0.0 0.0
3904 254 0 0 0 0.0 0.0
3905 255 0 0 0 0.0 0.0
3906 256 0 0 0 0.0 0.0
3907 257 0 0 0 0.0 0.0
3908 258 0 0 0 0.0 0.0
3909 259 0 0 0 0.0 0.0
3910 260 0 0 0 0.0 0.0
3911 261 0 0 0 0.0 0.0
3912 262 0 0 0 0.0 0.0
3913 263 0 0 0 0.0 0.0
3914 264 0 0 0 0.0 0.0
3915 265 0 0 0 0.0 0.0
3916 266 0 0 0 0.0 0.0
3917 267 0 0 0 0.0 0.0
3918 268 0 0 0 0.0 0.0
3919 269 0 0 0 0.0 0.0
3920 270 0 0 0 0.0 0.0
3921 271 0 0 0 0.0 0.0
3922 272 0 0 0 0.0 0.0
3923 273 0 0 0 0.0 0.0
3924 274 0 0 0 0.0 0.0
3925 275 0 0 0 0.0 0.0
3926 276 0 0 0 0.0 0.0
3927 277 0 0 0 0.0 0.0
3928 278 0 0 0 0.0 0.0
3929 279 0 0 0 0.0 0.0
3930 280 0 0 0 0.0 0.0
3931 281 0 0 0 0.0 0.0
3932 282 0 0 0 0.0 0.0
3933 283 0 0 0 0.0 0.0
3934 284 0 0 0 0.0 0.0
3935 285 0 0 0 0.0 0.0
3936 286 0 0 0 0.0 0.0
3937 287 0 0 0 0.0 0.0
3938 288 0 0 0 0.0 0.0
3939 289 0 0 0 0.0 0.0
3940 290 0 0 0 0.0 0.0
3941 291 0 0 0 0.0 0.0
3942 292 0 0 0 0.0 0.0
3943 293 0 0 0 0.0 0.0
3944 294 0 0 0 0.0 0.0
3945 295 0 0 0 0.0 0.0
3946 296 0 0 0 0.0 0.0
3947 297 0 0 0 0.0 0.0
3948 298 0 0 0 0.0 0.0
3949 299 0 0 0 0.0 0.0
3950 300 0 0 0 0.0 0.0
3951 301 0 0 0 0.0 0.0
3952 302 0 0 0 0.0 0.0
3953 303 0 0 0 0.0 0.0
3954 304 0 0 0 0.0 0.0
3955 305 0 0 0 0.0 0.0
3956 306 0 0 0 0.0 0.0
3957 307 0 0 0 0.0 0.0
3958 308 0 0 0 0.0 0.0
3959 309 0 0 0 0.0 0.0
3960 310 0 0 0 0.0 0.0
3961 311 0 0 0 0.0 0.0
3962 312 0 0 0 0.0 0.0
3963 313 0 0 0 0.0 0.0
3964 314 0 0 0 0.0 0.0
3965 315 0 0 0 0.0 0.0
3966 316 0 0 0 0.0 0.0
3967 317 0 0 0 0.0 0.0
3968 318 0 0 0 0.0 0.0
3969 319 0 0 0 0.0 0.0
3970 320 0 0 0 0.0 0.0
3971 321 0 0 0 0.0 0.0
3972 322 0 0 0 0.0 0.0
3973 323 0 0 0 0.0 0.0
3974 324 0 0 0 0.0 0.0
3975 325 0 0 0 0.0 0.0
3976 326 0 0 0 0.0 0.0
3977 327 0 0 0 0.0 0.0
3978 328 0 0 0 0.0 0.0
3979 329 0 0 0 0.0 0.0
3980 330 0 0 0 0.0 0.0
3981 331 0 0 0 0.0 0.0
3982 332 0 0 0 0.0 0.0
3983 333 0 0 0 0.0 0.0
3984 334 0 0 0 0.0 0.0
3985 335 0 0 0 0.0 0.0
3986 336 0 0 0 0.0 0.0
3987 337 0 0 0 0.0 0.0
3988 338 0 0 0 0.0 0.0
3989 339 0 0 0 0.0 0.0
3990 340 0 0 0 0.0 0.0
3991 341 0 0 0 0.0 0.0
3992 342 0 0 0 0.0 0.0
3993 343 0 0 0 0.0 0.0
3994 344 0 0 0 0.0 0.0
3995 345 0 0 0 0.0 0.0
3996 346 0 0 0 0.0 0.0
3997 347 0 0 0 0.0 0.0
3998 348 0 0 0 0.0 0.0
3999 349 0 0 0 0.0 0.0
4000 350 0 0 0 0.0 0.0
4001 351 0 0 0 0.0 0.0
4002 352 0 0 0 0.0 0.0
4003 353 0 0 0 0.0 0.0
4004 354 0 0 0 0.0 0.0
4005 355 0 0 0 0.0 0.0
4006 356 0 0 0 0.0 0.0
4007 357 0 0 0 0.0 0.0
4008 358 0 0 0 0.0 0.0
4009 359 0 0 0 0.0 0.0
4010 360 0 0 0 0.0 0.0
4011 361 0 0 0 0.0 0.0
4012 362 0 0 0 0.0 0.0
4013 363 0 0 0 0.0 0.0
4014 364 0 0 0 0.0 0.0
4015 365 0 0 0 0.0 0.0
Starting new year: 2021
4016 1 0 0 0 0.0 0.0
4017 2 0 0 0 0.0 0.0
4018 3 0 0 0 0.0 0.0
4019 4 0 0 0 0.0 0.0
4020 5 0 0 0 0.0 0.0
4021 6 0 0 0 0.0 0.0
4022 7 0 0 0 0.0 0.0
4023 8 0 0 0 0.0 0.0
4024 9 0 0 0 0.0 0.0
4025 10 0 0 0 0.0 0.0
4026 11 0 0 0 0.0 0.0
4027 12 0 0 0 0.0 0.0
4028 13 0 0 0 0.0 0.0
4029 14 0 0 0 0.0 0.0
4030 15 0 0 0 0.0 0.0
4031 16 0 0 0 0.0 0.0
4032 17 0 0 0 0.0 0.0
4033 18 0 0 0 0.0 0.0
4034 19 0 0 0 0.0 0.0
4035 20 0 0 0 0.0 0.0
4036 21 0 0 0 0.0 0.0
4037 22 0 0 0 0.0 0.0
4038 23 0 0 0 0.0 0.0
4039 24 0 0 0 0.0 0.0
4040 25 0 0 0 0.0 0.0
4041 26 0 0 0 0.0 0.0
4042 27 0 0 0 0.0 0.0
4043 28 0 0 0 0.0 0.0
4044 29 0 0 0 0.0 0.0
4045 30 0 0 0 0.0 0.0
4046 31 0 0 0 0.0 0.0
4047 32 0 0 0 0.0 0.0
4048 33 0 0 0 0.0 0.0
4049 34 0 0 0 0.0 0.0
4050 35 0 0 0 0.0 0.0
4051 36 0 0 0 0.0 0.0
4052 37 0 0 0 0.0 0.0
4053 38 0 0 0 0.0 0.0
4054 39 0 0 0 0.0 0.0
4055 40 0 0 0 0.0 0.0
4056 41 0 0 0 0.0 0.0
4057 42 0 0 0 0.0 0.0
4058 43 0 0 0 0.0 0.0
4059 44 0 0 0 0.0 0.0
4060 45 0 0 0 0.0 0.0
4061 46 0 0 0 0.0 0.0
4062 47 0 0 0 0.0 0.0
4063 48 0 0 0 0.0 0.0
4064 49 0 0 0 0.0 0.0
4065 50 0 0 0 0.0 0.0
4066 51 0 0 0 0.0 0.0
4067 52 0 0 0 0.0 0.0
4068 53 0 0 0 0.0 0.0
4069 54 0 0 0 0.0 0.0
4070 55 0 0 0 0.0 0.0
4071 56 0 0 0 0.0 0.0
4072 57 0 0 0 0.0 0.0
4073 58 0 0 0 0.0 0.0
4074 59 0 0 0 0.0 0.0
4075 60 0 0 0 0.0 0.0
4076 61 0 0 0 0.0 0.0
4077 62 0 0 0 0.0 0.0
4078 63 0 0 0 0.0 0.0
4079 64 0 0 0 0.0 0.0
4080 65 0 0 0 0.0 0.0
4081 66 0 0 0 0.0 0.0
4082 67 0 0 0 0.0 0.0
4083 68 0 0 0 0.0 0.0
4084 69 0 0 0 0.0 0.0
4085 70 0 0 0 0.0 0.0
4086 71 0 0 0 0.0 0.0
4087 72 0 0 0 0.0 0.0
4088 73 0 0 0 0.0 0.0
4089 74 0 0 0 0.0 0.0
4090 75 0 0 0 0.0 0.0
4091 76 0 0 0 0.0 0.0
4092 77 0 0 0 0.0 0.0
4093 78 0 0 0 0.0 0.0
4094 79 0 0 0 0.0 0.0
4095 80 0 0 0 0.0 0.0
4096 81 0 0 0 0.0 0.0
4097 82 0 0 0 0.0 0.0
4098 83 0 0 0 0.0 0.0
4099 84 0 0 0 0.0 0.0
4100 85 0 0 0 0.0 0.0
4101 86 0 0 0 0.0 0.0
4102 87 0 0 0 0.0 0.0
4103 88 0 0 0 0.0 0.0
4104 89 0 0 0 0.0 0.0
4105 90 0 0 0 0.0 0.0
4106 91 0 0 0 0.0 0.0
4107 92 0 0 0 0.0 0.0
4108 93 0 0 0 0.0 0.0
4109 94 0 0 0 0.0 0.0
4110 95 0 0 0 0.0 0.0
4111 96 0 0 0 0.0 0.0
4112 97 0 0 0 0.0 0.0
4113 98 0 0 0 0.0 0.0
4114 99 0 0 0 0.0 0.0
4115 100 0 0 0 0.0 0.0
4116 101 0 0 0 0.0 0.0
4117 102 0 0 0 0.0 0.0
4118 103 0 0 0 0.0 0.0
4119 104 0 0 0 0.0 0.0
4120 105 0 0 0 0.0 0.0
4121 106 0 0 0 0.0 0.0
4122 107 0 0 0 0.0 0.0
4123 108 0 0 0 0.0 0.0
4124 109 0 0 0 0.0 0.0
4125 110 0 0 0 0.0 0.0
4126 111 0 0 0 0.0 0.0
4127 112 0 0 0 0.0 0.0
4128 113 0 0 0 0.0 0.0
4129 114 0 0 0 0.0 0.0
4130 115 0 0 0 0.0 0.0
4131 116 0 0 0 0.0 0.0
4132 117 0 0 0 0.0 0.0
4133 118 0 0 0 0.0 0.0
4134 119 0 0 0 0.0 0.0
4135 120 0 0 0 0.0 0.0
4136 121 0 0 0 0.0 0.0
4137 122 0 0 0 0.0 0.0
4138 123 0 0 0 0.0 0.0
4139 124 0 0 0 0.0 0.0
4140 125 0 0 0 0.0 0.0
4141 126 0 0 0 0.0 0.0
4142 127 0 0 0 0.0 0.0
4143 128 0 0 0 0.0 0.0
4144 129 0 0 0 0.0 0.0
4145 130 0 0 0 0.0 0.0
4146 131 0 0 0 0.0 0.0
4147 132 0 0 0 0.0 0.0
4148 133 0 0 0 0.0 0.0
4149 134 0 0 0 0.0 0.0
4150 135 0 0 0 0.0 0.0
4151 136 0 0 0 0.0 0.0
4152 137 0 0 0 0.0 0.0
4153 138 0 0 0 0.0 0.0
4154 139 0 0 0 0.0 0.0
4155 140 0 0 0 0.0 0.0
4156 141 0 0 0 0.0 0.0
4157 142 0 0 0 0.0 0.0
4158 143 0 0 0 0.0 0.0
4159 144 0 0 0 0.0 0.0
4160 145 0 0 0 0.0 0.0
4161 146 0 0 0 0.0 0.0
4162 147 0 0 0 0.0 0.0
4163 148 0 0 0 0.0 0.0
4164 149 0 0 0 0.0 0.0
4165 150 0 0 0 0.0 0.0
4166 151 0 0 0 0.0 0.0
4167 152 0 0 0 0.0 0.0
4168 153 0 0 0 0.0 0.0
4169 154 0 0 0 0.0 0.0
4170 155 0 0 0 0.0 0.0
4171 156 0 0 0 0.0 0.0
4172 157 0 0 0 0.0 0.0
4173 158 0 0 0 0.0 0.0
4174 159 0 0 0 0.0 0.0
4175 160 0 0 0 0.0 0.0
4176 161 0 0 0 0.0 0.0
4177 162 0 0 0 0.0 0.0
4178 163 0 0 0 0.0 0.0
4179 164 0 0 0 0.0 0.0
4180 165 0 0 0 0.0 0.0
4181 166 0 0 0 0.0 0.0
4182 167 0 0 0 0.0 0.0
4183 168 0 0 0 0.0 0.0
4184 169 0 0 0 0.0 0.0
4185 170 0 0 0 0.0 0.0
4186 171 0 0 0 0.0 0.0
4187 172 0 0 0 0.0 0.0
4188 173 0 0 0 0.0 0.0
4189 174 0 0 0 0.0 0.0
4190 175 0 0 0 0.0 0.0
4191 176 0 0 0 0.0 0.0
4192 177 0 0 0 0.0 0.0
4193 178 0 0 0 0.0 0.0
4194 179 0 0 0 0.0 0.0
4195 180 0 0 0 0.0 0.0
4196 181 0 0 0 0.0 0.0
4197 182 0 0 0 0.0 0.0
4198 183 0 0 0 0.0 0.0
4199 184 0 0 0 0.0 0.0
4200 185 0 0 0 0.0 0.0
4201 186 0 0 0 0.0 0.0
4202 187 0 0 0 0.0 0.0
4203 188 0 0 0 0.0 0.0
4204 189 0 0 0 0.0 0.0
4205 190 0 0 0 0.0 0.0
4206 191 0 0 0 0.0 0.0
4207 192 0 0 0 0.0 0.0
4208 193 0 0 0 0.0 0.0
4209 194 0 0 0 0.0 0.0
4210 195 0 0 0 0.0 0.0
4211 196 0 0 0 0.0 0.0
4212 197 0 0 0 0.0 0.0
4213 198 0 0 0 0.0 0.0
4214 199 0 0 0 0.0 0.0
4215 200 0 0 0 0.0 0.0
4216 201 0 0 0 0.0 0.0
4217 202 0 0 0 0.0 0.0
4218 203 0 0 0 0.0 0.0
4219 204 0 0 0 0.0 0.0
4220 205 0 0 0 0.0 0.0
4221 206 0 0 0 0.0 0.0
4222 207 0 0 0 0.0 0.0
4223 208 0 0 0 0.0 0.0
4224 209 0 0 0 0.0 0.0
4225 210 0 0 0 0.0 0.0
4226 211 0 0 0 0.0 0.0
4227 212 0 0 0 0.0 0.0
4228 213 0 0 0 0.0 0.0
4229 214 0 0 0 0.0 0.0
4230 215 0 0 0 0.0 0.0
4231 216 0 0 0 0.0 0.0
4232 217 0 0 0 0.0 0.0
4233 218 0 0 0 0.0 0.0
4234 219 0 0 0 0.0 0.0
4235 220 0 0 0 0.0 0.0
4236 221 0 0 0 0.0 0.0
4237 222 0 0 0 0.0 0.0
4238 223 0 0 0 0.0 0.0
4239 224 0 0 0 0.0 0.0
4240 225 0 0 0 0.0 0.0
4241 226 0 0 0 0.0 0.0
4242 227 0 0 0 0.0 0.0
4243 228 0 0 0 0.0 0.0
4244 229 0 0 0 0.0 0.0
4245 230 0 0 0 0.0 0.0
4246 231 0 0 0 0.0 0.0
4247 232 0 0 0 0.0 0.0
4248 233 0 0 0 0.0 0.0
4249 234 0 0 0 0.0 0.0
4250 235 0 0 0 0.0 0.0
4251 236 0 0 0 0.0 0.0
4252 237 0 0 0 0.0 0.0
4253 238 0 0 0 0.0 0.0
4254 239 0 0 0 0.0 0.0
4255 240 0 0 0 0.0 0.0
4256 241 0 0 0 0.0 0.0
4257 242 0 0 0 0.0 0.0
4258 243 0 0 0 0.0 0.0
4259 244 0 0 0 0.0 0.0
4260 245 0 0 0 0.0 0.0
4261 246 0 0 0 0.0 0.0
4262 247 0 0 0 0.0 0.0
4263 248 0 0 0 0.0 0.0
4264 249 0 0 0 0.0 0.0
4265 250 0 0 0 0.0 0.0
4266 251 0 0 0 0.0 0.0
4267 252 0 0 0 0.0 0.0
4268 253 0 0 0 0.0 0.0
4269 254 0 0 0 0.0 0.0
4270 255 0 0 0 0.0 0.0
4271 256 0 0 0 0.0 0.0
4272 257 0 0 0 0.0 0.0
4273 258 0 0 0 0.0 0.0
4274 259 0 0 0 0.0 0.0
4275 260 0 0 0 0.0 0.0
4276 261 0 0 0 0.0 0.0
4277 262 0 0 0 0.0 0.0
4278 263 0 0 0 0.0 0.0
4279 264 0 0 0 0.0 0.0
4280 265 0 0 0 0.0 0.0
4281 266 0 0 0 0.0 0.0
4282 267 0 0 0 0.0 0.0
4283 268 0 0 0 0.0 0.0
4284 269 0 0 0 0.0 0.0
4285 270 0 0 0 0.0 0.0
4286 271 0 0 0 0.0 0.0
4287 272 0 0 0 0.0 0.0
4288 273 0 0 0 0.0 0.0
4289 274 0 0 0 0.0 0.0
4290 275 0 0 0 0.0 0.0
4291 276 0 0 0 0.0 0.0
4292 277 0 0 0 0.0 0.0
4293 278 0 0 0 0.0 0.0
4294 279 0 0 0 0.0 0.0
4295 280 0 0 0 0.0 0.0
4296 281 0 0 0 0.0 0.0
4297 282 0 0 0 0.0 0.0
4298 283 0 0 0 0.0 0.0
4299 284 0 0 0 0.0 0.0
4300 285 0 0 0 0.0 0.0
4301 286 0 0 0 0.0 0.0
4302 287 0 0 0 0.0 0.0
4303 288 0 0 0 0.0 0.0
4304 289 0 0 0 0.0 0.0
4305 290 0 0 0 0.0 0.0
4306 291 0 0 0 0.0 0.0
4307 292 0 0 0 0.0 0.0
4308 293 0 0 0 0.0 0.0
4309 294 0 0 0 0.0 0.0
4310 295 0 0 0 0.0 0.0
4311 296 0 0 0 0.0 0.0
4312 297 0 0 0 0.0 0.0
4313 298 0 0 0 0.0 0.0
4314 299 0 0 0 0.0 0.0
4315 300 0 0 0 0.0 0.0
4316 301 0 0 0 0.0 0.0
4317 302 0 0 0 0.0 0.0
4318 303 0 0 0 0.0 0.0
4319 304 0 0 0 0.0 0.0
4320 305 0 0 0 0.0 0.0
4321 306 0 0 0 0.0 0.0
4322 307 0 0 0 0.0 0.0
4323 308 0 0 0 0.0 0.0
4324 309 0 0 0 0.0 0.0
4325 310 0 0 0 0.0 0.0
4326 311 0 0 0 0.0 0.0
4327 312 0 0 0 0.0 0.0
4328 313 0 0 0 0.0 0.0
4329 314 0 0 0 0.0 0.0
4330 315 0 0 0 0.0 0.0
4331 316 0 0 0 0.0 0.0
4332 317 0 0 0 0.0 0.0
4333 318 0 0 0 0.0 0.0
4334 319 0 0 0 0.0 0.0
4335 320 0 0 0 0.0 0.0
4336 321 0 0 0 0.0 0.0
4337 322 0 0 0 0.0 0.0
4338 323 0 0 0 0.0 0.0
4339 324 0 0 0 0.0 0.0
4340 325 0 0 0 0.0 0.0
4341 326 0 0 0 0.0 0.0
4342 327 0 0 0 0.0 0.0
4343 328 0 0 0 0.0 0.0
4344 329 0 0 0 0.0 0.0
4345 330 0 0 0 0.0 0.0
4346 331 0 0 0 0.0 0.0
4347 332 0 0 0 0.0 0.0
4348 333 0 0 0 0.0 0.0
4349 334 0 0 0 0.0 0.0
4350 335 0 0 0 0.0 0.0
4351 336 0 0 0 0.0 0.0
4352 337 0 0 0 0.0 0.0
4353 338 0 0 0 0.0 0.0
4354 339 0 0 0 0.0 0.0
4355 340 0 0 0 0.0 0.0
4356 341 0 0 0 0.0 0.0
4357 342 0 0 0 0.0 0.0
4358 343 0 0 0 0.0 0.0
4359 344 0 0 0 0.0 0.0
4360 345 0 0 0 0.0 0.0
4361 346 0 0 0 0.0 0.0
4362 347 0 0 0 0.0 0.0
4363 348 0 0 0 0.0 0.0
4364 349 0 0 0 0.0 0.0
4365 350 0 0 0 0.0 0.0
4366 351 0 0 0 0.0 0.0
4367 352 0 0 0 0.0 0.0
4368 353 0 0 0 0.0 0.0
4369 354 0 0 0 0.0 0.0
4370 355 0 0 0 0.0 0.0
4371 356 0 0 0 0.0 0.0
4372 357 0 0 0 0.0 0.0
4373 358 0 0 0 0.0 0.0
4374 359 0 0 0 0.0 0.0
4375 360 0 0 0 0.0 0.0
4376 361 0 0 0 0.0 0.0
4377 362 0 0 0 0.0 0.0
4378 363 0 0 0 0.0 0.0
4379 364 0 0 0 0.0 0.0
4380 365 0 0 0 0.0 0.0
Starting new year: 2022
4381 1 0 0 5 0.0 0.0
4382 2 0 0 5 0.0 0.0
4383 3 0 0 5 0.0 0.0
4384 4 0 0 5 0.0 0.0
4385 5 0 0 5 0.0 0.0
4386 6 0 0 5 0.0 0.0
4387 7 0 0 5 0.0 0.0
4388 8 0 0 5 0.0 0.0
4389 9 0 0 5 0.0 0.0
4390 10 0 0 5 0.0 0.0
4391 11 0 0 5 0.0 0.0
4392 12 0 0 5 0.0 0.0
4393 13 0 0 5 0.0 0.0
4394 14 0 0 5 0.0 0.0
4395 15 0 0 5 0.0 0.0
4396 16 0 0 5 0.0 0.0
4397 17 0 0 5 0.0 0.0
4398 18 0 0 5 0.0 0.0
4399 19 0 0 5 0.0 0.0
4400 20 0 0 5 0.0 0.0
4401 21 0 0 5 0.0 0.0
4402 22 0 0 5 0.0 0.0
4403 23 0 0 5 0.0 0.0
4404 24 0 0 5 0.0 0.0
4405 25 0 0 5 0.0 0.0
4406 26 0 0 5 0.0 0.0
4407 27 0 0 5 0.0 0.0
4408 28 0 0 5 0.0 0.0
4409 29 0 0 5 0.0 0.0
4410 30 0 0 5 0.0 0.0
4411 31 0 0 5 0.0 0.0
4412 32 0 0 5 0.0 0.0
4413 33 0 0 5 0.0 0.0
4414 34 0 0 5 0.0 0.0
4415 35 0 0 5 0.0 0.0
4416 36 0 0 5 0.0 0.0
4417 37 0 0 5 0.0 0.0
4418 38 0 0 5 0.0 0.0
4419 39 0 0 5 0.0 0.0
4420 40 0 0 5 0.0 0.0
4421 41 0 0 5 0.0 0.0
4422 42 0 0 5 0.0 0.0
4423 43 0 0 5 0.0 0.0
4424 44 0 0 5 0.0 0.0
4425 45 0 0 5 0.0 0.0
4426 46 0 0 5 0.0 0.0
4427 47 0 0 5 0.0 0.0
4428 48 0 0 5 0.0 0.0
4429 49 0 0 5 0.0 0.0
4430 50 0 0 5 0.0 0.0
4431 51 0 0 5 0.0 0.0
4432 52 0 0 5 0.0 0.0
4433 53 0 0 5 0.0 0.0
4434 54 0 0 5 0.0 0.0
4435 55 0 0 5 0.0 0.0
4436 56 0 0 5 0.0 0.0
4437 57 0 0 5 0.0 0.0
4438 58 0 0 5 0.0 0.0
4439 59 0 0 5 0.0 0.0
4440 60 0 0 5 0.0 0.0
4441 61 0 0 5 0.0 0.0
4442 62 0 0 5 0.0 0.0
4443 63 0 0 5 0.0 0.0
4444 64 0 0 5 0.0 0.0
4445 65 0 0 5 0.0 0.0
4446 66 0 0 5 0.0 0.0
4447 67 0 0 5 0.0 0.0
4448 68 0 0 5 0.0 0.0
4449 69 0 0 5 0.0 0.0
4450 70 0 0 5 0.0 0.0
4451 71 0 0 5 0.0 0.0
4452 72 0 0 5 0.0 0.0
4453 73 0 0 5 0.0 0.0
4454 74 0 0 5 0.0 0.0
4455 75 0 0 5 0.0 0.0
4456 76 0 0 5 0.0 0.0
4457 77 0 0 5 0.0 0.0
4458 78 0 0 5 0.0 0.0
4459 79 0 0 5 0.0 0.0
4460 80 0 0 5 0.0 0.0
4461 81 0 0 5 0.0 0.0
4462 82 0 0 5 0.0 0.0
4463 83 0 0 5 0.0 0.0
4464 84 0 0 5 0.0 0.0
4465 85 0 0 5 0.0 0.0
4466 86 0 0 5 0.0 0.0
4467 87 0 0 5 0.0 0.0
4468 88 0 0 5 0.0 0.0
4469 89 0 0 5 0.0 0.0
4470 90 0 0 5 0.0 0.0
4471 91 0 0 5 0.0 0.0
4472 92 0 0 5 0.0 0.0
4473 93 0 0 5 0.0 0.0
4474 94 0 0 5 0.0 0.0
4475 95 0 0 5 0.0 0.0
4476 96 0 0 5 0.0 0.0
4477 97 0 0 5 0.0 0.0
4478 98 0 0 5 0.0 0.0
4479 99 0 0 5 0.0 0.0
4480 100 0 0 5 0.0 0.0
4481 101 0 0 5 0.0 0.0
4482 102 0 0 5 0.0 0.0
4483 103 0 0 5 0.0 0.0
4484 104 0 0 5 0.0 0.0
4485 105 0 0 5 0.0 0.0
4486 106 0 0 5 0.0 0.0
4487 107 0 0 5 0.0 0.0
4488 108 0 0 5 0.0 0.0
4489 109 0 0 5 0.0 0.0
4490 110 0 0 5 0.0 0.0
4491 111 0 0 5 0.0 0.0
4492 112 0 0 5 0.0 0.0
4493 113 0 0 5 0.0 0.0
4494 114 0 0 5 0.0 0.0
4495 115 0 0 5 0.0 0.0
4496 116 0 0 5 0.0 0.0
4497 117 0 0 5 0.0 0.0
4498 118 0 0 5 0.0 0.0
4499 119 0 0 5 0.0 0.0
4500 120 0 0 5 0.0 0.0
4501 121 0 0 5 0.0 0.0
4502 122 0 0 5 0.0 0.0
4503 123 0 0 5 0.0 0.0
4504 124 0 0 5 0.0 0.0
4505 125 0 0 5 0.0 0.0
4506 126 0 0 5 0.0 0.0
4507 127 0 0 5 0.0 0.0
4508 128 0 0 5 0.0 0.0
4509 129 0 0 5 0.0 0.0
4510 130 0 0 5 0.0 0.0
4511 131 0 0 5 0.0 0.0
4512 132 0 0 5 0.0 0.0
4513 133 0 0 5 0.0 0.0
4514 134 0 0 5 0.0 0.0
4515 135 0 0 5 0.0 0.0
4516 136 0 0 5 0.0 0.0
4517 137 0 0 5 0.0 0.0
4518 138 0 0 5 0.0 0.0
4519 139 0 0 5 0.0 0.0
4520 140 0 0 5 0.0 0.0
4521 141 0 0 5 0.0 0.0
4522 142 0 0 5 0.0 0.0
4523 143 0 0 5 0.0 0.0
4524 144 0 0 5 0.0 0.0
4525 145 0 0 5 0.0 0.0
4526 146 0 0 5 0.0 0.0
4527 147 0 0 5 0.0 0.0
4528 148 0 0 5 0.0 0.0
4529 149 0 0 5 0.0 0.0
4530 150 0 0 5 0.0 0.0
4531 151 0 0 5 0.0 0.0
4532 152 0 0 5 0.0 0.0
4533 153 0 0 5 0.0 0.0
4534 154 0 0 5 0.0 0.0
4535 155 0 0 5 0.0 0.0
4536 156 0 0 5 0.0 0.0
4537 157 0 0 5 0.0 0.0
4538 158 0 0 5 0.0 0.0
4539 159 0 0 5 0.0 0.0
4540 160 0 0 5 0.0 0.0
4541 161 0 0 5 0.0 0.0
4542 162 0 0 5 0.0 0.0
4543 163 0 0 5 0.0 0.0
4544 164 0 0 5 0.0 0.0
4545 165 0 0 5 0.0 0.0
4546 166 0 0 5 0.0 0.0
4547 167 0 0 5 0.0 0.0
4548 168 0 0 5 0.0 0.0
4549 169 0 0 5 0.0 0.0
4550 170 0 0 5 0.0 0.0
4551 171 0 0 5 0.0 0.0
4552 172 0 0 5 0.0 0.0
4553 173 0 0 5 0.0 0.0
4554 174 0 0 5 0.0 0.0
4555 175 0 0 5 0.0 0.0
4556 176 0 0 5 0.0 0.0
4557 177 0 0 5 0.0 0.0
4558 178 0 0 5 0.0 0.0
4559 179 0 0 5 0.0 0.0
4560 180 0 0 5 0.0 0.0
4561 181 0 0 5 0.0 0.0
4562 182 0 0 5 0.0 0.0
4563 183 0 0 5 0.0 0.0
4564 184 0 0 5 0.0 0.0
4565 185 0 0 5 0.0 0.0
4566 186 0 0 5 0.0 0.0
4567 187 0 0 5 0.0 0.0
4568 188 0 0 5 0.0 0.0
4569 189 0 0 5 0.0 0.0
4570 190 0 0 5 0.0 0.0
4571 191 0 0 5 0.0 0.0
4572 192 0 0 5 0.0 0.0
4573 193 0 0 5 0.0 0.0
4574 194 0 0 5 0.0 0.0
4575 195 0 0 5 0.0 0.0
4576 196 0 0 5 0.0 0.0
4577 197 0 0 5 0.0 0.0
4578 198 0 0 5 0.0 0.0
4579 199 0 0 5 0.0 0.0
4580 200 0 0 5 0.0 0.0
4581 201 0 0 5 0.0 0.0
4582 202 0 0 5 0.0 0.0
4583 203 0 0 5 0.0 0.0
4584 204 0 0 5 0.0 0.0
4585 205 0 0 5 0.0 0.0
4586 206 0 0 5 0.0 0.0
4587 207 0 0 5 0.0 0.0
4588 208 0 0 5 0.0 0.0
4589 209 0 0 5 0.0 0.0
4590 210 0 0 5 0.0 0.0
4591 211 0 0 5 0.0 0.0
4592 212 0 0 5 0.0 0.0
4593 213 0 0 5 0.0 0.0
4594 214 0 0 5 0.0 0.0
4595 215 0 0 5 0.0 0.0
4596 216 0 0 5 0.0 0.0
4597 217 0 0 5 0.0 0.0
4598 218 0 0 5 0.0 0.0
4599 219 0 0 5 0.0 0.0
4600 220 0 0 5 0.0 0.0
4601 221 0 0 5 0.0 0.0
4602 222 0 0 5 0.0 0.0
4603 223 0 0 5 0.0 0.0
4604 224 0 0 5 0.0 0.0
4605 225 0 0 5 0.0 0.0
4606 226 0 0 5 0.0 0.0
4607 227 0 0 5 0.0 0.0
4608 228 0 0 5 0.0 0.0
4609 229 0 0 5 0.0 0.0
4610 230 0 0 5 0.0 0.0
4611 231 0 0 5 0.0 0.0
4612 232 0 0 5 0.0 0.0
4613 233 0 0 5 0.0 0.0
4614 234 0 0 5 0.0 0.0
4615 235 0 0 5 0.0 0.0
4616 236 0 0 5 0.0 0.0
4617 237 0 0 5 0.0 0.0
4618 238 0 0 5 0.0 0.0
4619 239 0 0 5 0.0 0.0
4620 240 0 0 5 0.0 0.0
4621 241 0 0 5 0.0 0.0
4622 242 0 0 5 0.0 0.0
4623 243 0 0 5 0.0 0.0
4624 244 0 0 5 0.0 0.0
4625 245 0 0 5 0.0 0.0
4626 246 0 0 5 0.0 0.0
4627 247 0 0 5 0.0 0.0
4628 248 0 0 5 0.0 0.0
4629 249 0 0 5 0.0 0.0
4630 250 0 0 5 0.0 0.0
4631 251 13.6 0.584615 -20 0.0 0.0
4632 252 13.6 0.584615 -20 0.0 0.0
4633 253 13.6 0.584615 -20 0.0 0.0
4634 254 13.6 0.584615 -20 0.0 0.0
4635 255 13.6 0.584615 -20 0.0 0.0
4636 256 13.6 0.584615 -20 0.0 0.0
4637 257 13.6 0.584615 -20 0.0 0.0
4638 258 13.6 0.584615 -20 0.0 0.0
4639 259 13.6 0.584615 -20 0.0 0.0
4640 260 13.6 0.584615 -20 0.0 0.0
4641 261 13.6 0.584615 -20 0.0 0.0
4642 262 13.6 0.584615 -20 0.0 0.0
4643 263 13.6 0.584615 -20 0.0 0.0
4644 264 13.6 0.584615 -20 0.0 0.0
4645 265 13.6 0.584615 -20 0.0 0.0
4646 266 13.6 0.584615 -20 0.0 0.0
4647 267 13.6 0.584615 -20 0.0 0.0
4648 268 13.6 0.584615 -20 0.0 0.0
4649 269 13.6 0.584615 -20 0.0 0.0
4650 270 13.6 0.584615 -20 0.0 0.0
4651 271 13.6 0.584615 -20 0.0 0.0
4652 272 13.6 0.584615 -20 0.0 0.0
4653 273 13.6 0.584615 -20 0.0 0.0
4654 274 13.6 0.584615 -20 0.0 0.0
4655 275 13.6 0.584615 -20 0.0 0.0
4656 276 13.6 0.584615 -20 0.0 0.0
4657 277 13.6 0.584615 -20 0.0 0.0
4658 278 13.6 0.584615 -20 0.0 0.0
4659 279 13.6 0.584615 -20 0.0 0.0
4660 280 13.6 0.584615 -20 0.0 0.0
4661 281 13.6 0.584615 -20 0.0 0.0
4662 282 13.6 0.584615 -20 0.0 0.0
4663 283 13.6 0.584615 -20 0.0 0.0
4664 284 13.6 0.584615 -20 0.0 0.0
4665 285 13.6 0.584615 -20 0.0 0.0
4666 286 13.6 0.584615 -20 0.0 0.0
4667 287 13.6 0.584615 -20 0.0 0.0
4668 288 13.6 0.584615 -20 0.0 0.0
4669 289 13.6 0.584615 -20 0.0 0.0
4670 290 13.6 0.584615 -20 0.0 0.0
4671 291 13.6 0.584615 -20 0.0 0.0
4672 292 13.6 0.584615 -20 0.0 0.0
4673 293 13.6 0.584615 -20 0.0 0.0
4674 294 13.6 0.584615 -20 0.0 0.0
4675 295 13.6 0.584615 -20 0.0 0.0
4676 296 13.6 0.584615 -20 0.0 0.0
4677 297 13.6 0.584615 -20 0.0 0.0
4678 298 13.6 0.584615 -20 0.0 0.0
4679 299 13.6 0.584615 -20 0.0 0.0
4680 300 13.6 0.584615 -20 0.0 0.0
4681 301 13.6 0.584615 -20 0.0 0.0
4682 302 13.6 0.584615 -20 0.0 0.0
4683 303 13.6 0.584615 -20 0.0 0.0
4684 304 13.6 0.584615 -20 0.0 0.0
4685 305 13.6 0.584615 -20 0.0 0.0
4686 306 13.6 0.584615 -20 0.0 0.0
4687 307 13.6 0.584615 -20 0.0 0.0
4688 308 13.6 0.584615 -20 0.0 0.0
4689 309 13.6 0.584615 -20 0.0 0.0
4690 310 13.6 0.584615 -20 0.0 0.0
4691 311 13.6 0.584615 -20 0.0 0.0
4692 312 13.6 0.584615 -20 0.0 0.0
4693 313 13.6 0.584615 -20 0.0 0.0
4694 314 13.6 0.584615 -20 0.0 0.0
4695 315 13.6 0.584615 -20 0.0 0.0
4696 316 0 0 5 0.0 0.0
4697 317 0 0 5 0.0 0.0
4698 318 0 0 5 0.0 0.0
4699 319 0 0 5 0.0 0.0
4700 320 0 0 5 0.0 0.0
4701 321 0 0 5 0.0 0.0
4702 322 0 0 5 0.0 0.0
4703 323 0 0 5 0.0 0.0
4704 324 0 0 5 0.0 0.0
4705 325 0 0 5 0.0 0.0
4706 326 0 0 5 0.0 0.0
4707 327 0 0 5 0.0 0.0
4708 328 0 0 5 0.0 0.0
4709 329 0 0 5 0.0 0.0
4710 330 0 0 5 0.0 0.0
4711 331 0 0 5 0.0 0.0
4712 332 0 0 5 0.0 0.0
4713 333 0 0 5 0.0 0.0
4714 334 0 0 5 0.0 0.0
4715 335 0 0 5 0.0 0.0
4716 336 0 0 5 0.0 0.0
4717 337 0 0 5 0.0 0.0
4718 338 0 0 5 0.0 0.0
4719 339 0 0 5 0.0 0.0
4720 340 0 0 5 0.0 0.0
4721 341 0 0 5 0.0 0.0
4722 342 0 0 5 0.0 0.0
4723 343 0 0 5 0.0 0.0
4724 344 0 0 5 0.0 0.0
4725 345 0 0 5 0.0 0.0
4726 346 0 0 5 0.0 0.0
4727 347 0 0 5 0.0 0.0
4728 348 0 0 5 0.0 0.0
4729 349 0 0 5 0.0 0.0
4730 350 0 0 5 0.0 0.0
4731 351 0 0 5 0.0 0.0
4732 352 0 0 5 0.0 0.0
4733 353 0 0 5 0.0 0.0
4734 354 0 0 5 0.0 0.0
4735 355 0 0 5 0.0 0.0
4736 356 0 0 5 0.0 0.0
4737 357 0 0 5 0.0 0.0
4738 358 0 0 5 0.0 0.0
4739 359 0 0 5 0.0 0.0
4740 360 0 0 5 0.0 0.0
4741 361 0 0 5 0.0 0.0
4742 362 0 0 5 0.0 0.0
4743 363 0 0 5 0.0 0.0
4744 364 0 0 5 0.0 0.0
4745 365 0 0 5 0.0 0.0
Starting new year: 2023
4746 1 0 0 5 0.0 0.0
4747 2 0 0 5 0.0 0.0
4748 3 0 0 5 0.0 0.0
4749 4 0 0 5 0.0 0.0
4750 5 0 0 5 0.0 0.0
4751 6 0 0 5 0.0 0.0
4752 7 0 0 5 0.0 0.0
4753 8 0 0 5 0.0 0.0
4754 9 0 0 5 0.0 0.0
4755 10 0 0 5 0.0 0.0
4756 11 0 0 5 0.0 0.0
4757 12 0 0 5 0.0 0.0
4758 13 0 0 5 0.0 0.0
4759 14 0 0 5 0.0 0.0
4760 15 0 0 5 0.0 0.0
4761 16 0 0 5 0.0 0.0
4762 17 0 0 5 0.0 0.0
4763 18 0 0 5 0.0 0.0
4764 19 0 0 5 0.0 0.0
4765 20 0 0 5 0.0 0.0
4766 21 0 0 5 0.0 0.0
4767 22 0 0 5 0.0 0.0
4768 23 0 0 5 0.0 0.0
4769 24 0 0 5 0.0 0.0
4770 25 0 0 5 0.0 0.0
4771 26 0 0 5 0.0 0.0
4772 27 0 0 5 0.0 0.0
4773 28 0 0 5 0.0 0.0
4774 29 0 0 5 0.0 0.0
4775 30 0 0 5 0.0 0.0
4776 31 0 0 5 0.0 0.0
4777 32 0 0 5 0.0 0.0
4778 33 0 0 5 0.0 0.0
4779 34 0 0 5 0.0 0.0
4780 35 0 0 5 0.0 0.0
4781 36 0 0 5 0.0 0.0
4782 37 0 0 5 0.0 0.0
4783 38 0 0 5 0.0 0.0
4784 39 0 0 5 0.0 0.0
4785 40 0 0 5 0.0 0.0
4786 41 0 0 5 0.0 0.0
4787 42 0 0 5 0.0 0.0
4788 43 0 0 5 0.0 0.0
4789 44 0 0 5 0.0 0.0
4790 45 0 0 5 0.0 0.0
4791 46 0 0 5 0.0 0.0
4792 47 0 0 5 0.0 0.0
4793 48 0 0 5 0.0 0.0
4794 49 0 0 5 0.0 0.0
4795 50 0 0 5 0.0 0.0
4796 51 0 0 5 0.0 0.0
4797 52 0 0 5 0.0 0.0
4798 53 0 0 5 0.0 0.0
4799 54 0 0 5 0.0 0.0
4800 55 0 0 5 0.0 0.0
4801 56 0 0 5 0.0 0.0
4802 57 0 0 5 0.0 0.0
4803 58 0 0 5 0.0 0.0
4804 59 0 0 5 0.0 0.0
4805 60 0 0 5 0.0 0.0
4806 61 0 0 5 0.0 0.0
4807 62 0 0 5 0.0 0.0
4808 63 0 0 5 0.0 0.0
4809 64 0 0 5 0.0 0.0
4810 65 0 0 5 0.0 0.0
4811 66 0 0 5 0.0 0.0
4812 67 0 0 5 0.0 0.0
4813 68 0 0 5 0.0 0.0
4814 69 0 0 5 0.0 0.0
4815 70 0 0 5 0.0 0.0
4816 71 0 0 5 0.0 0.0
4817 72 0 0 5 0.0 0.0
4818 73 0 0 5 0.0 0.0
4819 74 0 0 5 0.0 0.0
4820 75 0 0 5 0.0 0.0
4821 76 0 0 5 0.0 0.0
4822 77 0 0 5 0.0 0.0
4823 78 0 0 5 0.0 0.0
4824 79 0 0 5 0.0 0.0
4825 80 0 0 5 0.0 0.0
4826 81 0 0 5 0.0 0.0
4827 82 0 0 5 0.0 0.0
4828 83 0 0 5 0.0 0.0
4829 84 0 0 5 0.0 0.0
4830 85 0 0 5 0.0 0.0
4831 86 0 0 5 0.0 0.0
4832 87 0 0 5 0.0 0.0
4833 88 0 0 5 0.0 0.0
4834 89 0 0 5 0.0 0.0
4835 90 0 0 5 0.0 0.0
4836 91 0 0 5 0.0 0.0
4837 92 0 0 5 0.0 0.0
4838 93 0 0 5 0.0 0.0
4839 94 0 0 5 0.0 0.0
4840 95 0 0 5 0.0 0.0
4841 96 0 0 5 0.0 0.0
4842 97 0 0 5 0.0 0.0
4843 98 0 0 5 0.0 0.0
4844 99 0 0 5 0.0 0.0
4845 100 0 0 5 0.0 0.0
4846 101 0 0 5 0.0 0.0
4847 102 0 0 5 0.0 0.0
4848 103 0 0 5 0.0 0.0
4849 104 0 0 5 0.0 0.0
4850 105 0 0 5 0.0 0.0
4851 106 0 0 5 0.0 0.0
4852 107 0 0 5 0.0 0.0
4853 108 0 0 5 0.0 0.0
4854 109 0 0 5 0.0 0.0
4855 110 0 0 5 0.0 0.0
4856 111 0 0 5 0.0 0.0
4857 112 0 0 5 0.0 0.0
4858 113 0 0 5 0.0 0.0
4859 114 0 0 5 0.0 0.0
4860 115 0 0 5 0.0 0.0
4861 116 0 0 5 0.0 0.0
4862 117 0 0 5 0.0 0.0
4863 118 0 0 5 0.0 0.0
4864 119 0 0 5 0.0 0.0
4865 120 0 0 5 0.0 0.0
4866 121 0 0 5 0.0 0.0
4867 122 0 0 5 0.0 0.0
4868 123 0 0 5 0.0 0.0
4869 124 0 0 5 0.0 0.0
4870 125 0 0 5 0.0 0.0
4871 126 0 0 5 0.0 0.0
4872 127 0 0 5 0.0 0.0
4873 128 0 0 5 0.0 0.0
4874 129 0 0 5 0.0 0.0
4875 130 0 0 5 0.0 0.0
4876 131 0 0 5 0.0 0.0
4877 132 0 0 5 0.0 0.0
4878 133 0 0 5 0.0 0.0
4879 134 0 0 5 0.0 0.0
4880 135 0 0 5 0.0 0.0
4881 136 0 0 5 0.0 0.0
4882 137 0 0 5 0.0 0.0
4883 138 0 0 5 0.0 0.0
4884 139 0 0 5 0.0 0.0
4885 140 0 0 5 0.0 0.0
4886 141 0 0 5 0.0 0.0
4887 142 0 0 5 0.0 0.0
4888 143 0 0 5 0.0 0.0
4889 144 0 0 5 0.0 0.0
4890 145 0 0 5 0.0 0.0
4891 146 13.6 0.833333 -20 0.0 0.0
4892 147 13.6 0.833333 -20 0.0 0.0
4893 148 13.6 0.833333 -20 0.0 0.0
4894 149 13.6 0.833333 -20 0.0 0.0
4895 150 13.6 0.833333 -20 0.0 0.0
4896 151 13.6 0.833333 -20 0.0 0.0
4897 152 13.6 0.833333 -20 0.0 0.0
4898 153 13.6 0.833333 -20 0.0 0.0
4899 154 13.6 0.833333 -20 0.0 0.0
4900 155 13.6 0.833333 -20 0.0 0.0
4901 156 13.6 0.833333 -20 0.0 0.0
4902 157 13.6 0.833333 -20 0.0 0.0
4903 158 13.6 0.833333 -20 0.0 0.0
4904 159 13.6 0.833333 -20 0.0 0.0
4905 160 13.6 0.833333 -20 0.0 0.0
4906 161 13.6 0.833333 -20 0.0 0.0
4907 162 13.6 0.833333 -20 0.0 0.0
4908 163 13.6 0.833333 -20 0.0 0.0
4909 164 13.6 0.833333 -20 0.0 0.0
4910 165 13.6 0.833333 -20 0.0 0.0
4911 166 13.6 0.833333 -20 0.0 0.0
4912 167 13.6 0.833333 -20 0.0 0.0
4913 168 13.6 0.833333 -20 0.0 0.0
4914 169 13.6 0.833333 -20 0.0 0.0
4915 170 13.6 0.833333 -20 0.0 0.0
4916 171 13.6 0.833333 -20 0.0 0.0
4917 172 13.6 0.833333 -20 0.0 0.0
4918 173 13.6 0.833333 -20 0.0 0.0
4919 174 13.6 0.833333 -20 0.0 0.0
4920 175 13.6 0.833333 -20 0.0 0.0
4921 176 13.6 0.833333 -20 0.0 0.0
4922 177 13.6 0.833333 -20 0.0 0.0
4923 178 13.6 0.833333 -20 0.0 0.0
4924 179 13.6 0.833333 -20 0.0 0.0
4925 180 13.6 0.833333 -20 0.0 0.0
4926 181 13.6 0.833333 -20 0.0 0.0
4927 182 13.6 0.833333 -20 0.0 0.0
4928 183 13.6 0.833333 -20 0.0 0.0
4929 184 13.6 0.833333 -20 0.0 0.0
4930 185 13.6 0.833333 -20 0.0 0.0
4931 186 13.6 0.833333 -20 0.0 0.0
4932 187 13.6 0.833333 -20 0.0 0.0
4933 188 13.6 0.833333 -20 0.0 0.0
4934 189 13.6 0.833333 -20 0.0 0.0
4935 190 13.6 0.833333 -20 0.0 0.0
4936 191 13.6 0.833333 -20 0.0 0.0
4937 192 13.6 0.833333 -20 0.0 0.0
4938 193 13.6 0.833333 -20 0.0 0.0
4939 194 13.6 0.833333 -20 0.0 0.0
4940 195 13.6 0.833333 -20 0.0 0.0
4941 196 13.6 0.833333 -20 0.0 0.0
4942 197 13.6 0.833333 -20 0.0 0.0
4943 198 13.6 0.833333 -20 0.0 0.0
4944 199 13.6 0.833333 -20 0.0 0.0
4945 200 13.6 0.833333 -20 0.0 0.0
4946 201 13.6 0.833333 -20 0.0 0.0
4947 202 13.6 0.833333 -20 0.0 0.0
4948 203 13.6 0.833333 -20 0.0 0.0
4949 204 13.6 0.833333 -20 0.0 0.0
4950 205 13.6 0.833333 -20 0.0 0.0
4951 206 13.6 0.833333 -20 0.0 0.0
4952 207 13.6 0.833333 -20 0.0 0.0
4953 208 13.6 0.833333 -20 0.0 0.0
4954 209 13.6 0.833333 -20 0.0 0.0
4955 210 13.6 0.833333 -20 0.0 0.0
4956 211 13.6 0.833333 -20 0.0 0.0
4957 212 13.6 0.833333 -20 0.0 0.0
4958 213 13.6 0.833333 -20 0.0 0.0
4959 214 13.6 0.833333 -20 0.0 0.0
4960 215 13.6 0.833333 -20 0.0 0.0
4961 216 13.6 0.833333 -20 0.0 0.0
4962 217 13.6 0.833333 -20 0.0 0.0
4963 218 13.6 0.833333 -20 0.0 0.0
4964 219 13.6 0.833333 -20 0.0 0.0
4965 220 13.6 0.833333 -20 0.0 0.0
4966 221 13.6 0.833333 -20 0.0 0.0
4967 222 13.6 0.833333 -20 0.0 0.0
4968 223 13.6 0.833333 -20 0.0 0.0
4969 224 13.6 0.833333 -20 0.0 0.0
4970 225 13.6 0.833333 -20 0.0 0.0
4971 226 13.6 0.833333 -20 0.0 0.0
4972 227 13.6 0.833333 -20 0.0 0.0
4973 228 13.6 0.833333 -20 0.0 0.0
4974 229 13.6 0.833333 -20 0.0 0.0
4975 230 13.6 0.833333 -20 0.0 0.0
4976 231 13.6 0.833333 -20 0.0 0.0
4977 232 13.6 0.833333 -20 0.0 0.0
4978 233 13.6 0.833333 -20 0.0 0.0
4979 234 13.6 0.833333 -20 0.0 0.0
4980 235 13.6 0.833333 -20 0.0 0.0
4981 236 0 0 5 0.0 0.0
4982 237 0 0 5 0.0 0.0
4983 238 0 0 5 0.0 0.0
4984 239 0 0 5 0.0 0.0
4985 240 0 0 5 0.0 0.0
4986 241 0 0 5 0.0 0.0
4987 242 0 0 5 0.0 0.0
4988 243 0 0 5 0.0 0.0
4989 244 0 0 5 0.0 0.0
4990 245 0 0 5 0.0 0.0
4991 246 0 0 5 0.0 0.0
4992 247 0 0 5 0.0 0.0
4993 248 0 0 5 0.0 0.0
4994 249 0 0 5 0.0 0.0
4995 250 0 0 5 0.0 0.0
4996 251 0 0 5 0.0 0.0
4997 252 0 0 5 0.0 0.0
4998 253 0 0 5 0.0 0.0
4999 254 0 0 5 0.0 0.0
5000 255 0 0 5 0.0 0.0
5001 256 0 0 5 0.0 0.0
5002 257 0 0 5 0.0 0.0
5003 258 0 0 5 0.0 0.0
5004 259 0 0 5 0.0 0.0
5005 260 0 0 5 0.0 0.0
5006 261 0 0 5 0.0 0.0
5007 262 0 0 5 0.0 0.0
5008 263 0 0 5 0.0 0.0
5009 264 0 0 5 0.0 0.0
5010 265 0 0 5 0.0 0.0
5011 266 0 0 5 0.0 0.0
5012 267 0 0 5 0.0 0.0
5013 268 0 0 5 0.0 0.0
5014 269 0 0 5 0.0 0.0
5015 270 0 0 5 0.0 0.0
5016 271 0 0 5 0.0 0.0
5017 272 0 0 5 0.0 0.0
5018 273 0 0 5 0.0 0.0
5019 274 0 0 5 0.0 0.0
5020 275 0 0 5 0.0 0.0
5021 276 0 0 5 0.0 0.0
5022 277 0 0 5 0.0 0.0
5023 278 0 0 5 0.0 0.0
5024 279 0 0 5 0.0 0.0
5025 280 0 0 5 0.0 0.0
5026 281 0 0 5 0.0 0.0
5027 282 0 0 5 0.0 0.0
5028 283 0 0 5 0.0 0.0
5029 284 0 0 5 0.0 0.0
5030 285 0 0 5 0.0 0.0
5031 286 0 0 5 0.0 0.0
5032 287 0 0 5 0.0 0.0
5033 288 0 0 5 0.0 0.0
5034 289 0 0 5 0.0 0.0
5035 290 0 0 5 0.0 0.0
5036 291 0 0 5 0.0 0.0
5037 292 0 0 5 0.0 0.0
5038 293 0 0 5 0.0 0.0
5039 294 0 0 5 0.0 0.0
5040 295 0 0 5 0.0 0.0
5041 296 0 0 5 0.0 0.0
5042 297 0 0 5 0.0 0.0
5043 298 0 0 5 0.0 0.0
5044 299 0 0 5 0.0 0.0
5045 300 0 0 5 0.0 0.0
5046 301 0 0 5 0.0 0.0
5047 302 0 0 5 0.0 0.0
5048 303 0 0 5 0.0 0.0
5049 304 0 0 5 0.0 0.0
5050 305 0 0 5 0.0 0.0
5051 306 0 0 5 0.0 0.0
5052 307 0 0 5 0.0 0.0
5053 308 0 0 5 0.0 0.0
5054 309 0 0 5 0.0 0.0
5055 310 0 0 5 0.0 0.0
5056 311 0 0 5 0.0 0.0
5057 312 0 0 5 0.0 0.0
5058 313 0 0 5 0.0 0.0
5059 314 0 0 5 0.0 0.0
5060 315 0 0 5 0.0 0.0
5061 316 0 0 5 0.0 0.0
5062 317 0 0 5 0.0 0.0
5063 318 0 0 5 0.0 0.0
5064 319 0 0 5 0.0 0.0
5065 320 0 0 5 0.0 0.0
5066 321 0 0 5 0.0 0.0
5067 322 0 0 5 0.0 0.0
5068 323 0 0 5 0.0 0.0
5069 324 0 0 5 0.0 0.0
5070 325 0 0 5 0.0 0.0
5071 326 0 0 5 0.0 0.0
5072 327 0 0 5 0.0 0.0
5073 328 0 0 5 0.0 0.0
5074 329 0 0 5 0.0 0.0
5075 330 0 0 5 0.0 0.0
5076 331 0 0 5 0.0 0.0
5077 332 0 0 5 0.0 0.0
5078 333 0 0 5 0.0 0.0
5079 334 0 0 5 0.0 0.0
5080 335 0 0 5 0.0 0.0
5081 336 0 0 5 0.0 0.0
5082 337 0 0 5 0.0 0.0
5083 338 0 0 5 0.0 0.0
5084 339 0 0 5 0.0 0.0
5085 340 0 0 5 0.0 0.0
5086 341 0 0 5 0.0 0.0
5087 342 0 0 5 0.0 0.0
5088 343 0 0 5 0.0 0.0
5089 344 0 0 5 0.0 0.0
5090 345 0 0 5 0.0 0.0
5091 346 0 0 5 0.0 0.0
5092 347 0 0 5 0.0 0.0
5093 348 0 0 5 0.0 0.0
5094 349 0 0 5 0.0 0.0
5095 350 0 0 5 0.0 0.0
5096 351 0 0 5 0.0 0.0
5097 352 0 0 5 0.0 0.0
5098 353 0 0 5 0.0 0.0
5099 354 0 0 5 0.0 0.0
5100 355 0 0 5 0.0 0.0
5101 356 0 0 5 0.0 0.0
5102 357 0 0 5 0.0 0.0
5103 358 0 0 5 0.0 0.0
5104 359 0 0 5 0.0 0.0
5105 360 0 0 5 0.0 0.0
5106 361 0 0 5 0.0 0.0
5107 362 0 0 5 0.0 0.0
5108 363 0 0 5 0.0 0.0
5109 364 0 0 5 0.0 0.0
5110 365 0 0 5 0.0 0.0
Starting new year: 2024
5111 1 0 0 5 0.0 0.0
5112 2 0 0 5 0.0 0.0
5113 3 0 0 5 0.0 0.0
5114 4 0 0 5 0.0 0.0
5115 5 0 0 5 0.0 0.0
5116 6 0 0 5 0.0 0.0
5117 7 0 0 5 0.0 0.0
5118 8 0 0 5 0.0 0.0
5119 9 0 0 5 0.0 0.0
5120 10 0 0 5 0.0 0.0
5121 11 0 0 5 0.0 0.0
5122 12 0 0 5 0.0 0.0
5123 13 0 0 5 0.0 0.0
5124 14 0 0 5 0.0 0.0
5125 15 0 0 5 0.0 0.0
5126 16 0 0 5 0.0 0.0
5127 17 0 0 5 0.0 0.0
5128 18 0 0 5 0.0 0.0
5129 19 0 0 5 0.0 0.0
5130 20 0 0 5 0.0 0.0
5131 21 0 0 5 0.0 0.0
5132 22 0 0 5 0.0 0.0
5133 23 0 0 5 0.0 0.0
5134 24 0 0 5 0.0 0.0
5135 25 0 0 5 0.0 0.0
5136 26 0 0 5 0.0 0.0
5137 27 0 0 5 0.0 0.0
5138 28 0 0 5 0.0 0.0
5139 29 0 0 5 0.0 0.0
5140 30 0 0 5 0.0 0.0
5141 31 0 0 5 0.0 0.0
5142 32 0 0 5 0.0 0.0
5143 33 0 0 5 0.0 0.0
5144 34 0 0 5 0.0 0.0
5145 35 0 0 5 0.0 0.0
5146 36 0 0 5 0.0 0.0
5147 37 0 0 5 0.0 0.0
5148 38 0 0 5 0.0 0.0
5149 39 0 0 5 0.0 0.0
5150 40 0 0 5 0.0 0.0
5151 41 0 0 5 0.0 0.0
5152 42 0 0 5 0.0 0.0
5153 43 0 0 5 0.0 0.0
5154 44 0 0 5 0.0 0.0
5155 45 0 0 5 0.0 0.0
5156 46 0 0 5 0.0 0.0
5157 47 0 0 5 0.0 0.0
5158 48 0 0 5 0.0 0.0
5159 49 0 0 5 0.0 0.0
5160 50 0 0 5 0.0 0.0
5161 51 0 0 5 0.0 0.0
5162 52 0 0 5 0.0 0.0
5163 53 0 0 5 0.0 0.0
5164 54 0 0 5 0.0 0.0
5165 55 0 0 5 0.0 0.0
5166 56 0 0 5 0.0 0.0
5167 57 0 0 5 0.0 0.0
5168 58 0 0 5 0.0 0.0
5169 59 0 0 5 0.0 0.0
5170 60 0 0 5 0.0 0.0
5171 61 0 0 5 0.0 0.0
5172 62 0 0 5 0.0 0.0
5173 63 0 0 5 0.0 0.0
5174 64 0 0 5 0.0 0.0
5175 65 0 0 5 0.0 0.0
5176 66 0 0 5 0.0 0.0
5177 67 0 0 5 0.0 0.0
5178 68 0 0 5 0.0 0.0
5179 69 0 0 5 0.0 0.0
5180 70 0 0 5 0.0 0.0
5181 71 0 0 5 0.0 0.0
5182 72 0 0 5 0.0 0.0
5183 73 0 0 5 0.0 0.0
5184 74 0 0 5 0.0 0.0
5185 75 0 0 5 0.0 0.0
5186 76 0 0 5 0.0 0.0
5187 77 0 0 5 0.0 0.0
5188 78 0 0 5 0.0 0.0
5189 79 0 0 5 0.0 0.0
5190 80 0 0 5 0.0 0.0
5191 81 0 0 5 0.0 0.0
5192 82 0 0 5 0.0 0.0
5193 83 0 0 5 0.0 0.0
5194 84 0 0 5 0.0 0.0
5195 85 0 0 5 0.0 0.0
5196 86 0 0 5 0.0 0.0
5197 87 0 0 5 0.0 0.0
5198 88 0 0 5 0.0 0.0
5199 89 0 0 5 0.0 0.0
5200 90 0 0 5 0.0 0.0
5201 91 0 0 5 0.0 0.0
5202 92 0 0 5 0.0 0.0
5203 93 0 0 5 0.0 0.0
5204 94 0 0 5 0.0 0.0
5205 95 0 0 5 0.0 0.0
5206 96 0 0 5 0.0 0.0
5207 97 0 0 5 0.0 0.0
5208 98 0 0 5 0.0 0.0
5209 99 0 0 5 0.0 0.0
5210 100 0 0 5 0.0 0.0
5211 101 0 0 5 0.0 0.0
5212 102 0 0 5 0.0 0.0
5213 103 0 0 5 0.0 0.0
5214 104 0 0 5 0.0 0.0
5215 105 0 0 5 0.0 0.0
5216 106 0 0 5 0.0 0.0
5217 107 0 0 5 0.0 0.0
5218 108 0 0 5 0.0 0.0
5219 109 0 0 5 0.0 0.0
5220 110 0 0 5 0.0 0.0
5221 111 0 0 5 0.0 0.0
5222 112 0 0 5 0.0 0.0
5223 113 0 0 5 0.0 0.0
5224 114 0 0 5 0.0 0.0
5225 115 0 0 5 0.0 0.0
5226 116 0 0 5 0.0 0.0
5227 117 0 0 5 0.0 0.0
5228 118 0 0 5 0.0 0.0
5229 119 0 0 5 0.0 0.0
5230 120 0 0 5 0.0 0.0
5231 121 0 0 5 0.0 0.0
5232 122 0 0 5 0.0 0.0
5233 123 0 0 5 0.0 0.0
5234 124 0 0 5 0.0 0.0
5235 125 0 0 5 0.0 0.0
5236 126 13.6 0.813043 -20 0.0 0.0
5237 127 13.6 0.813043 -20 0.0 0.0
5238 128 13.6 0.813043 -20 0.0 0.0
5239 129 13.6 0.813043 -20 0.0 0.0
5240 130 13.6 0.813043 -20 0.0 0.0
5241 131 13.6 0.813043 -20 0.0 0.0
5242 132 13.6 0.813043 -20 0.0 0.0
5243 133 13.6 0.813043 -20 0.0 0.0
5244 134 13.6 0.813043 -20 0.0 0.0
5245 135 13.6 0.813043 -20 0.0 0.0
5246 136 13.6 0.813043 -20 0.0 0.0
5247 137 13.6 0.813043 -20 0.0 0.0
5248 138 13.6 0.813043 -20 0.0 0.0
5249 139 13.6 0.813043 -20 0.0 0.0
5250 140 13.6 0.813043 -20 0.0 0.0
5251 141 13.6 0.813043 -20 0.0 0.0
5252 142 13.6 0.813043 -20 0.0 0.0
5253 143 13.6 0.813043 -20 0.0 0.0
5254 144 13.6 0.813043 -20 0.0 0.0
5255 145 13.6 0.813043 -20 0.0 0.0
5256 146 13.6 0.813043 -20 0.0 0.0
5257 147 13.6 0.813043 -20 0.0 0.0
5258 148 13.6 0.813043 -20 0.0 0.0
5259 149 13.6 0.813043 -20 0.0 0.0
5260 150 13.6 0.813043 -20 0.0 0.0
5261 151 13.6 0.813043 -20 0.0 0.0
5262 152 13.6 0.813043 -20 0.0 0.0
5263 153 13.6 0.813043 -20 0.0 0.0
5264 154 13.6 0.813043 -20 0.0 0.0
5265 155 13.6 0.813043 -20 0.0 0.0
5266 156 13.6 0.813043 -20 0.0 0.0
5267 157 13.6 0.813043 -20 0.0 0.0
5268 158 13.6 0.813043 -20 0.0 0.0
5269 159 13.6 0.813043 -20 0.0 0.0
5270 160 13.6 0.813043 -20 0.0 0.0
5271 161 13.6 0.813043 -20 0.0 0.0
5272 162 13.6 0.813043 -20 0.0 0.0
5273 163 13.6 0.813043 -20 0.0 0.0
5274 164 13.6 0.813043 -20 0.0 0.0
5275 165 13.6 0.813043 -20 0.0 0.0
5276 166 13.6 0.813043 -20 0.0 0.0
5277 167 13.6 0.813043 -20 0.0 0.0
5278 168 13.6 0.813043 -20 0.0 0.0
5279 169 13.6 0.813043 -20 0.0 0.0
5280 170 13.6 0.813043 -20 0.0 0.0
5281 171 13.6 0.813043 -20 0.0 0.0
5282 172 13.6 0.813043 -20 0.0 0.0
5283 173 13.6 0.813043 -20 0.0 0.0
5284 174 13.6 0.813043 -20 0.0 0.0
5285 175 13.6 0.813043 -20 0.0 0.0
5286 176 13.6 0.813043 -20 0.0 0.0
5287 177 13.6 0.813043 -20 0.0 0.0
5288 178 13.6 0.813043 -20 0.0 0.0
5289 179 13.6 0.813043 -20 0.0 0.0
5290 180 13.6 0.813043 -20 0.0 0.0
5291 181 13.6 0.813043 -20 0.0 0.0
5292 182 13.6 0.813043 -20 0.0 0.0
5293 183 13.6 0.813043 -20 0.0 0.0
5294 184 13.6 0.813043 -20 0.0 0.0
5295 185 13.6 0.813043 -20 0.0 0.0
5296 186 13.6 0.813043 -20 0.0 0.0
5297 187 13.6 0.813043 -20 0.0 0.0
5298 188 13.6 0.813043 -20 0.0 0.0
5299 189 13.6 0.813043 -20 0.0 0.0
5300 190 13.6 0.813043 -20 0.0 0.0
5301 191 13.6 0.813043 -20 0.0 0.0
5302 192 13.6 0.813043 -20 0.0 0.0
5303 193 13.6 0.813043 -20 0.0 0.0
5304 194 13.6 0.813043 -20 0.0 0.0
5305 195 13.6 0.813043 -20 0.0 0.0
5306 196 13.6 0.813043 -20 0.0 0.0
5307 197 13.6 0.813043 -20 0.0 0.0
5308 198 13.6 0.813043 -20 0.0 0.0
5309 199 13.6 0.813043 -20 0.0 0.0
5310 200 13.6 0.813043 -20 0.0 0.0
5311 201 13.6 0.813043 -20 0.0 0.0
5312 202 13.6 0.813043 -20 0.0 0.0
5313 203 13.6 0.813043 -20 0.0 0.0
5314 204 13.6 0.813043 -20 0.0 0.0
5315 205 13.6 0.813043 -20 0.0 0.0
5316 206 13.6 0.813043 -20 0.0 0.0
5317 207 13.6 0.813043 -20 0.0 0.0
5318 208 13.6 0.813043 -20 0.0 0.0
5319 209 13.6 0.813043 -20 0.0 0.0
5320 210 13.6 0.813043 -20 0.0 0.0
5321 211 13.6 0.813043 -20 0.0 0.0
5322 212 13.6 0.813043 -20 0.0 0.0
5323 213 13.6 0.813043 -20 0.0 0.0
5324 214 13.6 0.813043 -20 0.0 0.0
5325 215 13.6 0.813043 -20 0.0 0.0
5326 216 13.6 0.813043 -20 0.0 0.0
5327 217 13.6 0.813043 -20 0.0 0.0
5328 218 13.6 0.813043 -20 0.0 0.0
5329 219 13.6 0.813043 -20 0.0 0.0
5330 220 13.6 0.813043 -20 0.0 0.0
5331 221 13.6 0.813043 -20 0.0 0.0
5332 222 13.6 0.813043 -20 0.0 0.0
5333 223 13.6 0.813043 -20 0.0 0.0
5334 224 13.6 0.813043 -20 0.0 0.0
5335 225 13.6 0.813043 -20 0.0 0.0
5336 226 13.6 0.813043 -20 0.0 0.0
5337 227 13.6 0.813043 -20 0.0 0.0
5338 228 13.6 0.813043 -20 0.0 0.0
5339 229 13.6 0.813043 -20 0.0 0.0
5340 230 13.6 0.813043 -20 0.0 0.0
5341 231 13.6 0.813043 -20 0.0 0.0
5342 232 13.6 0.813043 -20 0.0 0.0
5343 233 13.6 0.813043 -20 0.0 0.0
5344 234 13.6 0.813043 -20 0.0 0.0
5345 235 13.6 0.813043 -20 0.0 0.0
5346 236 13.6 0.813043 -20 0.0 0.0
5347 237 13.6 0.813043 -20 0.0 0.0
5348 238 13.6 0.813043 -20 0.0 0.0
5349 239 13.6 0.813043 -20 0.0 0.0
5350 240 13.6 0.813043 -20 0.0 0.0
5351 241 0 0 5 0.0 0.0
5352 242 0 0 5 0.0 0.0
5353 243 0 0 5 0.0 0.0
5354 244 0 0 5 0.0 0.0
5355 245 0 0 5 0.0 0.0
5356 246 0 0 5 0.0 0.0
5357 247 0 0 5 0.0 0.0
5358 248 0 0 5 0.0 0.0
5359 249 0 0 5 0.0 0.0
5360 250 0 0 5 0.0 0.0
5361 251 0 0 5 0.0 0.0
5362 252 0 0 5 0.0 0.0
5363 253 0 0 5 0.0 0.0
5364 254 0 0 5 0.0 0.0
5365 255 0 0 5 0.0 0.0
5366 256 0 0 5 0.0 0.0
5367 257 0 0 5 0.0 0.0
5368 258 0 0 5 0.0 0.0
5369 259 0 0 5 0.0 0.0
5370 260 0 0 5 0.0 0.0
5371 261 0 0 5 0.0 0.0
5372 262 0 0 5 0.0 0.0
5373 263 0 0 5 0.0 0.0
5374 264 0 0 5 0.0 0.0
5375 265 0 0 5 0.0 0.0
5376 266 0 0 5 0.0 0.0
5377 267 0 0 5 0.0 0.0
5378 268 0 0 5 0.0 0.0
5379 269 0 0 5 0.0 0.0
5380 270 0 0 5 0.0 0.0
5381 271 0 0 5 0.0 0.0
5382 272 0 0 5 0.0 0.0
5383 273 0 0 5 0.0 0.0
5384 274 0 0 5 0.0 0.0
5385 275 0 0 5 0.0 0.0
5386 276 0 0 5 0.0 0.0
5387 277 0 0 5 0.0 0.0
5388 278 0 0 5 0.0 0.0
5389 279 0 0 5 0.0 0.0
5390 280 0 0 5 0.0 0.0
5391 281 0 0 5 0.0 0.0
5392 282 0 0 5 0.0 0.0
5393 283 0 0 5 0.0 0.0
5394 284 0 0 5 0.0 0.0
5395 285 0 0 5 0.0 0.0
5396 286 0 0 5 0.0 0.0
5397 287 0 0 5 0.0 0.0
5398 288 0 0 5 0.0 0.0
5399 289 0 0 5 0.0 0.0
5400 290 0 0 5 0.0 0.0
5401 291 0 0 5 0.0 0.0
5402 292 0 0 5 0.0 0.0
5403 293 0 0 5 0.0 0.0
5404 294 0 0 5 0.0 0.0
5405 295 0 0 5 0.0 0.0
5406 296 0 0 5 0.0 0.0
5407 297 0 0 5 0.0 0.0
5408 298 0 0 5 0.0 0.0
5409 299 0 0 5 0.0 0.0
5410 300 0 0 5 0.0 0.0
5411 301 0 0 5 0.0 0.0
5412 302 0 0 5 0.0 0.0
5413 303 0 0 5 0.0 0.0
5414 304 0 0 5 0.0 0.0
5415 305 0 0 5 0.0 0.0
5416 306 0 0 5 0.0 0.0
5417 307 0 0 5 0.0 0.0
5418 308 0 0 5 0.0 0.0
5419 309 0 0 5 0.0 0.0
5420 310 0 0 5 0.0 0.0
5421 311 0 0 5 0.0 0.0
5422 312 0 0 5 0.0 0.0
5423 313 0 0 5 0.0 0.0
5424 314 0 0 5 0.0 0.0
5425 315 0 0 5 0.0 0.0
5426 316 0 0 5 0.0 0.0
5427 317 0 0 5 0.0 0.0
5428 318 0 0 5 0.0 0.0
5429 319 0 0 5 0.0 0.0
5430 320 0 0 5 0.0 0.0
5431 321 0 0 5 0.0 0.0
5432 322 0 0 5 0.0 0.0
5433 323 0 0 5 0.0 0.0
5434 324 0 0 5 0.0 0.0
5435 325 0 0 5 0.0 0.0
5436 326 0 0 5 0.0 0.0
5437 327 0 0 5 0.0 0.0
5438 328 0 0 5 0.0 0.0
5439 329 0 0 5 0.0 0.0
5440 330 0 0 5 0.0 0.0
5441 331 0 0 5 0.0 0.0
5442 332 0 0 5 0.0 0.0
5443 333 0 0 5 0.0 0.0
5444 334 0 0 5 0.0 0.0
5445 335 0 0 5 0.0 0.0
5446 336 0 0 5 0.0 0.0
5447 337 0 0 5 0.0 0.0
5448 338 0 0 5 0.0 0.0
5449 339 0 0 5 0.0 0.0
5450 340 0 0 5 0.0 0.0
5451 341 0 0 5 0.0 0.0
5452 342 0 0 5 0.0 0.0
5453 343 0 0 5 0.0 0.0
5454 344 0 0 5 0.0 0.0
5455 345 0 0 5 0.0 0.0
5456 346 0 0 5 0.0 0.0
5457 347 0 0 5 0.0 0.0
5458 348 0 0 5 0.0 0.0
5459 349 0 0 5 0.0 0.0
5460 350 0 0 5 0.0 0.0
5461 351 0 0 5 0.0 0.0
5462 352 0 0 5 0.0 0.0
5463 353 0 0 5 0.0 0.0
5464 354 0 0 5 0.0 0.0
5465 355 0 0 5 0.0 0.0
5466 356 0 0 5 0.0 0.0
5467 357 0 0 5 0.0 0.0
5468 358 0 0 5 0.0 0.0
5469 359 0 0 5 0.0 0.0
5470 360 0 0 5 0.0 0.0
5471 361 0 0 5 0.0 0.0
5472 362 0 0 5 0.0 0.0
5473 363 0 0 5 0.0 0.0
5474 364 0 0 5 0.0 0.0
5475 365 0 0 5 0.0 0.0
Starting new year: 2025
5476 1 0 0 5 0.0 0.0
5477 2 0 0 5 0.0 0.0
5478 3 0 0 5 0.0 0.0
5479 4 0 0 5 0.0 0.0
5480 5 0 0 5 0.0 0.0
5481 6 0 0 5 0.0 0.0
5482 7 0 0 5 0.0 0.0
5483 8 0 0 5 0.0 0.0
5484 9 0 0 5 0.0 0.0
5485 10 0 0 5 0.0 0.0
5486 11 0 0 5 0.0 0.0
5487 12 0 0 5 0.0 0.0
5488 13 0 0 5 0.0 0.0
5489 14 0 0 5 0.0 0.0
5490 15 0 0 5 0.0 0.0
5491 16 0 0 5 0.0 0.0
5492 17 0 0 5 0.0 0.0
5493 18 0 0 5 0.0 0.0
5494 19 0 0 5 0.0 0.0
5495 20 0 0 5 0.0 0.0
5496 21 0 0 5 0.0 0.0
5497 22 0 0 5 0.0 0.0
5498 23 0 0 5 0.0 0.0
5499 24 0 0 5 0.0 0.0
5500 25 0 0 5 0.0 0.0
5501 26 0 0 5 0.0 0.0
5502 27 0 0 5 0.0 0.0
5503 28 0 0 5 0.0 0.0
5504 29 0 0 5 0.0 0.0
5505 30 0 0 5 0.0 0.0
5506 31 0 0 5 0.0 0.0
5507 32 0 0 5 0.0 0.0
5508 33 0 0 5 0.0 0.0
5509 34 0 0 5 0.0 0.0
5510 35 0 0 5 0.0 0.0
5511 36 0 0 5 0.0 0.0
5512 37 0 0 5 0.0 0.0
5513 38 0 0 5 0.0 0.0
5514 39 0 0 5 0.0 0.0
5515 40 0 0 5 0.0 0.0
5516 41 0 0 5 0.0 0.0
5517 42 0 0 5 0.0 0.0
5518 43 0 0 5 0.0 0.0
5519 44 0 0 5 0.0 0.0
5520 45 0 0 5 0.0 0.0
5521 46 0 0 5 0.0 0.0
5522 47 0 0 5 0.0 0.0
5523 48 0 0 5 0.0 0.0
5524 49 0 0 5 0.0 0.0
5525 50 0 0 5 0.0 0.0
5526 51 0 0 5 0.0 0.0
5527 52 0 0 5 0.0 0.0
5528 53 0 0 5 0.0 0.0
5529 54 0 0 5 0.0 0.0
5530 55 0 0 5 0.0 0.0
5531 56 0 0 5 0.0 0.0
5532 57 0 0 5 0.0 0.0
5533 58 0 0 5 0.0 0.0
5534 59 0 0 5 0.0 0.0
5535 60 0 0 5 0.0 0.0
5536 61 0 0 5 0.0 0.0
5537 62 0 0 5 0.0 0.0
5538 63 0 0 5 0.0 0.0
5539 64 0 0 5 0.0 0.0
5540 65 0 0 5 0.0 0.0
5541 66 0 0 5 0.0 0.0
5542 67 0 0 5 0.0 0.0
5543 68 0 0 5 0.0 0.0
5544 69 0 0 5 0.0 0.0
5545 70 0 0 5 0.0 0.0
5546 71 0 0 5 0.0 0.0
5547 72 0 0 5 0.0 0.0
5548 73 0 0 5 0.0 0.0
5549 74 0 0 5 0.0 0.0
5550 75 0 0 5 0.0 0.0
5551 76 0 0 5 0.0 0.0
5552 77 0 0 5 0.0 0.0
5553 78 0 0 5 0.0 0.0
5554 79 0 0 5 0.0 0.0
5555 80 0 0 5 0.0 0.0
5556 81 0 0 5 0.0 0.0
5557 82 0 0 5 0.0 0.0
5558 83 0 0 5 0.0 0.0
5559 84 0 0 5 0.0 0.0
5560 85 0 0 5 0.0 0.0
5561 86 0 0 5 0.0 0.0
5562 87 0 0 5 0.0 0.0
5563 88 0 0 5 0.0 0.0
5564 89 0 0 5 0.0 0.0
5565 90 0 0 5 0.0 0.0
5566 91 0 0 5 0.0 0.0
5567 92 0 0 5 0.0 0.0
5568 93 0 0 5 0.0 0.0
5569 94 0 0 5 0.0 0.0
5570 95 0 0 5 0.0 0.0
5571 96 0 0 5 0.0 0.0
5572 97 0 0 5 0.0 0.0
5573 98 0 0 5 0.0 0.0
5574 99 0 0 5 0.0 0.0
5575 100 0 0 5 0.0 0.0
5576 101 0 0 5 0.0 0.0
5577 102 0 0 5 0.0 0.0
5578 103 0 0 5 0.0 0.0
5579 104 0 0 5 0.0 0.0
5580 105 0 0 5 0.0 0.0
5581 106 0 0 5 0.0 0.0
5582 107 0 0 5 0.0 0.0
5583 108 0 0 5 0.0 0.0
5584 109 0 0 5 0.0 0.0
5585 110 0 0 5 0.0 0.0
5586 111 0 0 5 0.0 0.0
5587 112 0 0 5 0.0 0.0
5588 113 0 0 5 0.0 0.0
5589 114 0 0 5 0.0 0.0
5590 115 0 0 5 0.0 0.0
5591 116 0 0 5 0.0 0.0
5592 117 0 0 5 0.0 0.0
5593 118 0 0 5 0.0 0.0
5594 119 0 0 5 0.0 0.0
5595 120 0 0 5 0.0 0.0
5596 121 0 0 5 0.0 0.0
5597 122 0 0 5 0.0 0.0
5598 123 0 0 5 0.0 0.0
5599 124 0 0 5 0.0 0.0
5600 125 0 0 5 0.0 0.0
5601 126 13.6 0.779167 -20 0.0 0.0
5602 127 13.6 0.779167 -20 0.0 0.0
5603 128 13.6 0.779167 -20 0.0 0.0
5604 129 13.6 0.779167 -20 0.0 0.0
5605 130 13.6 0.779167 -20 0.0 0.0
5606 131 13.6 0.779167 -20 0.0 0.0
5607 132 13.6 0.779167 -20 0.0 0.0
5608 133 13.6 0.779167 -20 0.0 0.0
5609 134 13.6 0.779167 -20 0.0 0.0
5610 135 13.6 0.779167 -20 0.0 0.0
5611 136 13.6 0.779167 -20 0.0 0.0
5612 137 13.6 0.779167 -20 0.0 0.0
5613 138 13.6 0.779167 -20 0.0 0.0
5614 139 13.6 0.779167 -20 0.0 0.0
5615 140 13.6 0.779167 -20 0.0 0.0
5616 141 13.6 0.779167 -20 0.0 0.0
5617 142 13.6 0.779167 -20 0.0 0.0
5618 143 13.6 0.779167 -20 0.0 0.0
5619 144 13.6 0.779167 -20 0.0 0.0
5620 145 13.6 0.779167 -20 0.0 0.0
5621 146 13.6 0.779167 -20 0.0 0.0
5622 147 13.6 0.779167 -20 0.0 0.0
5623 148 13.6 0.779167 -20 0.0 0.0
5624 149 13.6 0.779167 -20 0.0 0.0
5625 150 13.6 0.779167 -20 0.0 0.0
5626 151 13.6 0.779167 -20 0.0 0.0
5627 152 13.6 0.779167 -20 0.0 0.0
5628 153 13.6 0.779167 -20 0.0 0.0
5629 154 13.6 0.779167 -20 0.0 0.0
5630 155 13.6 0.779167 -20 0.0 0.0
5631 156 13.6 0.779167 -20 0.0 0.0
5632 157 13.6 0.779167 -20 0.0 0.0
5633 158 13.6 0.779167 -20 0.0 0.0
5634 159 13.6 0.779167 -20 0.0 0.0
5635 160 13.6 0.779167 -20 0.0 0.0
5636 161 13.6 0.779167 -20 0.0 0.0
5637 162 13.6 0.779167 -20 0.0 0.0
5638 163 13.6 0.779167 -20 0.0 0.0
5639 164 13.6 0.779167 -20 0.0 0.0
5640 165 13.6 0.779167 -20 0.0 0.0
5641 166 13.6 0.779167 -20 0.0 0.0
5642 167 13.6 0.779167 -20 0.0 0.0
5643 168 13.6 0.779167 -20 0.0 0.0
5644 169 13.6 0.779167 -20 0.0 0.0
5645 170 13.6 0.779167 -20 0.0 0.0
5646 171 13.6 0.779167 -20 0.0 0.0
5647 172 13.6 0.779167 -20 0.0 0.0
5648 173 13.6 0.779167 -20 0.0 0.0
5649 174 13.6 0.779167 -20 0.0 0.0
5650 175 13.6 0.779167 -20 0.0 0.0
5651 176 13.6 0.779167 -20 0.0 0.0
5652 177 13.6 0.779167 -20 0.0 0.0
5653 178 13.6 0.779167 -20 0.0 0.0
5654 179 13.6 0.779167 -20 0.0 0.0
5655 180 13.6 0.779167 -20 0.0 0.0
5656 181 13.6 0.779167 -20 0.0 0.0
5657 182 13.6 0.779167 -20 0.0 0.0
5658 183 13.6 0.779167 -20 0.0 0.0
5659 184 13.6 0.779167 -20 0.0 0.0
5660 185 13.6 0.779167 -20 0.0 0.0
5661 186 13.6 0.779167 -20 0.0 0.0
5662 187 13.6 0.779167 -20 0.0 0.0
5663 188 13.6 0.779167 -20 0.0 0.0
5664 189 13.6 0.779167 -20 0.0 0.0
5665 190 13.6 0.779167 -20 0.0 0.0
5666 191 13.6 0.779167 -20 0.0 0.0
5667 192 13.6 0.779167 -20 0.0 0.0
5668 193 13.6 0.779167 -20 0.0 0.0
5669 194 13.6 0.779167 -20 0.0 0.0
5670 195 13.6 0.779167 -20 0.0 0.0
5671 196 13.6 0.779167 -20 0.0 0.0
5672 197 13.6 0.779167 -20 0.0 0.0
5673 198 13.6 0.779167 -20 0.0 0.0
5674 199 13.6 0.779167 -20 0.0 0.0
5675 200 13.6 0.779167 -20 0.0 0.0
5676 201 13.6 0.779167 -20 0.0 0.0
5677 202 13.6 0.779167 -20 0.0 0.0
5678 203 13.6 0.779167 -20 0.0 0.0
5679 204 13.6 0.779167 -20 0.0 0.0
5680 205 13.6 0.779167 -20 0.0 0.0
5681 206 13.6 0.779167 -20 0.0 0.0
5682 207 13.6 0.779167 -20 0.0 0.0
5683 208 13.6 0.779167 -20 0.0 0.0
5684 209 13.6 0.779167 -20 0.0 0.0
5685 210 13.6 0.779167 -20 0.0 0.0
5686 211 13.6 0.779167 -20 0.0 0.0
5687 212 13.6 0.779167 -20 0.0 0.0
5688 213 13.6 0.779167 -20 0.0 0.0
5689 214 13.6 0.779167 -20 0.0 0.0
5690 215 13.6 0.779167 -20 0.0 0.0
5691 216 13.6 0.779167 -20 0.0 0.0
5692 217 13.6 0.779167 -20 0.0 0.0
5693 218 13.6 0.779167 -20 0.0 0.0
5694 219 13.6 0.779167 -20 0.0 0.0
5695 220 13.6 0.779167 -20 0.0 0.0
5696 221 13.6 0.779167 -20 0.0 0.0
5697 222 13.6 0.779167 -20 0.0 0.0
5698 223 13.6 0.779167 -20 0.0 0.0
5699 224 13.6 0.779167 -20 0.0 0.0
5700 225 13.6 0.779167 -20 0.0 0.0
5701 226 13.6 0.779167 -20 0.0 0.0
5702 227 13.6 0.779167 -20 0.0 0.0
5703 228 13.6 0.779167 -20 0.0 0.0
5704 229 13.6 0.779167 -20 0.0 0.0
5705 230 13.6 0.779167 -20 0.0 0.0
5706 231 13.6 0.779167 -20 0.0 0.0
5707 232 13.6 0.779167 -20 0.0 0.0
5708 233 13.6 0.779167 -20 0.0 0.0
5709 234 13.6 0.779167 -20 0.0 0.0
5710 235 13.6 0.779167 -20 0.0 0.0
5711 236 13.6 0.779167 -20 0.0 0.0
5712 237 13.6 0.779167 -20 0.0 0.0
5713 238 13.6 0.779167 -20 0.0 0.0
5714 239 13.6 0.779167 -20 0.0 0.0
5715 240 13.6 0.779167 -20 0.0 0.0
5716 241 13.6 0.779167 -20 0.0 0.0
5717 242 13.6 0.779167 -20 0.0 0.0
5718 243 13.6 0.779167 -20 0.0 0.0
5719 244 13.6 0.779167 -20 0.0 0.0
5720 245 13.6 0.779167 -20 0.0 0.0
5721 246 0 0 5 0.0 0.0
5722 247 0 0 5 0.0 0.0
5723 248 0 0 5 0.0 0.0
5724 249 0 0 5 0.0 0.0
5725 250 0 0 5 0.0 0.0
5726 251 0 0 5 0.0 0.0
5727 252 0 0 5 0.0 0.0
5728 253 0 0 5 0.0 0.0
5729 254 0 0 5 0.0 0.0
5730 255 0 0 5 0.0 0.0
5731 256 0 0 5 0.0 0.0
5732 257 0 0 5 0.0 0.0
5733 258 0 0 5 0.0 0.0
5734 259 0 0 5 0.0 0.0
5735 260 0 0 5 0.0 0.0
5736 261 0 0 5 0.0 0.0
5737 262 0 0 5 0.0 0.0
5738 263 0 0 5 0.0 0.0
5739 264 0 0 5 0.0 0.0
5740 265 0 0 5 0.0 0.0
5741 266 0 0 5 0.0 0.0
5742 267 0 0 5 0.0 0.0
5743 268 0 0 5 0.0 0.0
5744 269 0 0 5 0.0 0.0
5745 270 0 0 5 0.0 0.0
5746 271 0 0 5 0.0 0.0
5747 272 0 0 5 0.0 0.0
5748 273 0 0 5 0.0 0.0
5749 274 0 0 5 0.0 0.0
5750 275 0 0 5 0.0 0.0
5751 276 0 0 5 0.0 0.0
5752 277 0 0 5 0.0 0.0
5753 278 0 0 5 0.0 0.0
5754 279 0 0 5 0.0 0.0
5755 280 0 0 5 0.0 0.0
5756 281 0 0 5 0.0 0.0
5757 282 0 0 5 0.0 0.0
5758 283 0 0 5 0.0 0.0
5759 284 0 0 5 0.0 0.0
5760 285 0 0 5 0.0 0.0
5761 286 0 0 5 0.0 0.0
5762 287 0 0 5 0.0 0.0
5763 288 0 0 5 0.0 0.0
5764 289 0 0 5 0.0 0.0
5765 290 0 0 5 0.0 0.0
5766 291 0 0 5 0.0 0.0
5767 292 0 0 5 0.0 0.0
5768 293 0 0 5 0.0 0.0
5769 294 0 0 5 0.0 0.0
5770 295 0 0 5 0.0 0.0
5771 296 0 0 5 0.0 0.0
5772 297 0 0 5 0.0 0.0
5773 298 0 0 5 0.0 0.0
5774 299 0 0 5 0.0 0.0
5775 300 0 0 5 0.0 0.0
5776 301 0 0 5 0.0 0.0
5777 302 0 0 5 0.0 0.0
5778 303 0 0 5 0.0 0.0
5779 304 0 0 5 0.0 0.0
5780 305 0 0 5 0.0 0.0
5781 306 0 0 5 0.0 0.0
5782 307 0 0 5 0.0 0.0
5783 308 0 0 5 0.0 0.0
5784 309 0 0 5 0.0 0.0
5785 310 0 0 5 0.0 0.0
5786 311 0 0 5 0.0 0.0
5787 312 0 0 5 0.0 0.0
5788 313 0 0 5 0.0 0.0
5789 314 0 0 5 0.0 0.0
5790 315 0 0 5 0.0 0.0
5791 316 0 0 5 0.0 0.0
5792 317 0 0 5 0.0 0.0
5793 318 0 0 5 0.0 0.0
5794 319 0 0 5 0.0 0.0
5795 320 0 0 5 0.0 0.0
5796 321 0 0 5 0.0 0.0
5797 322 0 0 5 0.0 0.0
5798 323 0 0 5 0.0 0.0
5799 324 0 0 5 0.0 0.0
5800 325 0 0 5 0.0 0.0
5801 326 0 0 5 0.0 0.0
5802 327 0 0 5 0.0 0.0
5803 328 0 0 5 0.0 0.0
5804 329 0 0 5 0.0 0.0
5805 330 0 0 5 0.0 0.0
5806 331 0 0 5 0.0 0.0
5807 332 0 0 5 0.0 0.0
5808 333 0 0 5 0.0 0.0
5809 334 0 0 5 0.0 0.0
5810 335 0 0 5 0.0 0.0
5811 336 0 0 5 0.0 0.0
5812 337 0 0 5 0.0 0.0
5813 338 0 0 5 0.0 0.0
5814 339 0 0 5 0.0 0.0
5815 340 0 0 5 0.0 0.0
5816 341 0 0 5 0.0 0.0
5817 342 0 0 5 0.0 0.0
5818 343 0 0 5 0.0 0.0
5819 344 0 0 5 0.0 0.0
5820 345 0 0 5 0.0 0.0
5821 346 0 0 5 0.0 0.0
5822 347 0 0 5 0.0 0.0
5823 348 0 0 5 0.0 0.0
5824 349 0 0 5 0.0 0.0
5825 350 0 0 5 0.0 0.0
5826 351 0 0 5 0.0 0.0
5827 352 0 0 5 0.0 0.0
5828 353 0 0 5 0.0 0.0
5829 354 0 0 5 0.0 0.0
5830 355 0 0 5 0.0 0.0
5831 356 0 0 5 0.0 0.0
5832 357 0 0 5 0.0 0.0
5833 358 0 0 5 0.0 0.0
5834 359 0 0 5 0.0 0.0
5835 360 0 0 5 0.0 0.0
5836 361 0 0 5 0.0 0.0
5837 362 0 0 5 0.0 0.0
5838 363 0 0 5 0.0 0.0
5839 364 0 0 5 0.0 0.0
5840 365 0 0 5 0.0 0.0
Starting new year: 2026
5841 1 0 0 15 0.0 0.0
5842 2 0 0 15 0.0 0.0
5843 3 0 0 15 0.0 0.0
5844 4 0 0 15 0.0 0.0
5845 5 0 0 15 0.0 0.0
5846 6 0 0 15 0.0 0.0
5847 7 0 0 15 0.0 0.0
5848 8 0 0 15 0.0 0.0
5849 9 0 0 15 0.0 0.0
5850 10 0 0 15 0.0 0.0
5851 11 0 0 15 0.0 0.0
5852 12 0 0 15 0.0 0.0
5853 13 0 0 15 0.0 0.0
5854 14 0 0 15 0.0 0.0
5855 15 0 0 15 0.0 0.0
5856 16 0 0 15 0.0 0.0
5857 17 0 0 15 0.0 0.0
5858 18 0 0 15 0.0 0.0
5859 19 0 0 15 0.0 0.0
5860 20 0 0 15 0.0 0.0
5861 21 0 0 15 0.0 0.0
5862 22 0 0 15 0.0 0.0
5863 23 0 0 15 0.0 0.0
5864 24 0 0 15 0.0 0.0
5865 25 0 0 15 0.0 0.0
5866 26 0 0 15 0.0 0.0
5867 27 0 0 15 0.0 0.0
5868 28 0 0 15 0.0 0.0
5869 29 0 0 15 0.0 0.0
5870 30 0 0 15 0.0 0.0
5871 31 0 0 15 0.0 0.0
5872 32 0 0 15 0.0 0.0
5873 33 0 0 15 0.0 0.0
5874 34 0 0 15 0.0 0.0
5875 35 0 0 15 0.0 0.0
5876 36 0 0 15 0.0 0.0
5877 37 0 0 15 0.0 0.0
5878 38 0 0 15 0.0 0.0
5879 39 0 0 15 0.0 0.0
5880 40 0 0 15 0.0 0.0
5881 41 0 0 15 0.0 0.0
5882 42 0 0 15 0.0 0.0
5883 43 0 0 15 0.0 0.0
5884 44 0 0 15 0.0 0.0
5885 45 0 0 15 0.0 0.0
5886 46 0 0 15 0.0 0.0
5887 47 0 0 15 0.0 0.0
5888 48 0 0 15 0.0 0.0
5889 49 0 0 15 0.0 0.0
5890 50 0 0 15 0.0 0.0
5891 51 0 0 15 0.0 0.0
5892 52 0 0 15 0.0 0.0
5893 53 0 0 15 0.0 0.0
5894 54 0 0 15 0.0 0.0
5895 55 0 0 15 0.0 0.0
5896 56 0 0 15 0.0 0.0
5897 57 0 0 15 0.0 0.0
5898 58 0 0 15 0.0 0.0
5899 59 0 0 15 0.0 0.0
5900 60 0 0 15 0.0 0.0
5901 61 0 0 15 0.0 0.0
5902 62 0 0 15 0.0 0.0
5903 63 0 0 15 0.0 0.0
5904 64 0 0 15 0.0 0.0
5905 65 0 0 15 0.0 0.0
5906 66 0 0 15 0.0 0.0
5907 67 0 0 15 0.0 0.0
5908 68 0 0 15 0.0 0.0
5909 69 0 0 15 0.0 0.0
5910 70 0 0 15 0.0 0.0
5911 71 0 0 15 0.0 0.0
5912 72 0 0 15 0.0 0.0
5913 73 0 0 15 0.0 0.0
5914 74 0 0 15 0.0 0.0
5915 75 0 0 15 0.0 0.0
5916 76 0 0 15 0.0 0.0
5917 77 0 0 15 0.0 0.0
5918 78 0 0 15 0.0 0.0
5919 79 0 0 15 0.0 0.0
5920 80 0 0 15 0.0 0.0
5921 81 0 0 15 0.0 0.0
5922 82 0 0 15 0.0 0.0
5923 83 0 0 15 0.0 0.0
5924 84 0 0 15 0.0 0.0
5925 85 0 0 15 0.0 0.0
5926 86 0 0 15 0.0 0.0
5927 87 0 0 15 0.0 0.0
5928 88 0 0 15 0.0 0.0
5929 89 0 0 15 0.0 0.0
5930 90 0 0 15 0.0 0.0
5931 91 0 0 15 0.0 0.0
5932 92 0 0 15 0.0 0.0
5933 93 0 0 15 0.0 0.0
5934 94 0 0 15 0.0 0.0
5935 95 0 0 15 0.0 0.0
5936 96 0 0 15 0.0 0.0
5937 97 0 0 15 0.0 0.0
5938 98 0 0 15 0.0 0.0
5939 99 0 0 15 0.0 0.0
5940 100 0 0 15 0.0 0.0
